temp,conc_,fluo,conc
40.0719424460432,1_2e-04,1777.67688046742,2e-04
40.2877697841727,1_2e-04,1774.57853109442,2e-04
40.5035971223022,1_2e-04,1770.92209574317,2e-04
40.7194244604317,1_2e-04,1766.48284040949,2e-04
40.9352517985612,1_2e-04,1763.35523631745,2e-04
41.1510791366906,1_2e-04,1757.36983967884,2e-04
41.3669064748201,1_2e-04,1751.09941928241,2e-04
41.5827338129496,1_2e-04,1746.92335270817,2e-04
41.7985611510791,1_2e-04,1740.86396291899,2e-04
42.0143884892086,1_2e-04,1739.61825716424,2e-04
42.2302158273381,1_2e-04,1732.23420081513,2e-04
42.4460431654676,1_2e-04,1730.83212006114,2e-04
42.6618705035971,1_2e-04,1724.75803870545,2e-04
42.8776978417266,1_2e-04,1719.95538080524,2e-04
43.0935251798561,1_2e-04,1719.60355183566,2e-04
43.3093525179856,1_2e-04,1711.53208026227,2e-04
43.5251798561151,1_2e-04,1710.5344922209,2e-04
43.7410071942446,1_2e-04,1705.34169818978,2e-04
43.9568345323741,1_2e-04,1702.64394911671,2e-04
44.1726618705036,1_2e-04,1694.30082291961,2e-04
44.3884892086331,1_2e-04,1693.90496747156,2e-04
44.6043165467626,1_2e-04,1687.24853189592,2e-04
44.8201438848921,1_2e-04,1681.92460022399,2e-04
45.0359712230216,1_2e-04,1680.54087463814,2e-04
45.2517985611511,1_2e-04,1676.23815918209,2e-04
45.4676258992806,1_2e-04,1675.25874670994,2e-04
45.6834532374101,1_2e-04,1670.47202787974,2e-04
45.8992805755396,1_2e-04,1665.77417544821,2e-04
46.1151079136691,1_2e-04,1663.4423483909,2e-04
46.3309352517986,1_2e-04,1662.88218342052,2e-04
46.5467625899281,1_2e-04,1661.54808043839,2e-04
46.7625899280576,1_2e-04,1655.47990185301,2e-04
46.9784172661871,1_2e-04,1653.03779253275,2e-04
47.1942446043165,1_2e-04,1644.66800054988,2e-04
47.410071942446,1_2e-04,1646.68961886998,2e-04
47.6258992805755,1_2e-04,1644.74446538991,2e-04
47.841726618705,1_2e-04,1641.72767332199,2e-04
48.0575539568345,1_2e-04,1639.34248621824,2e-04
48.273381294964,1_2e-04,1638.1024862336,2e-04
48.4892086330935,1_2e-04,1635.24443092495,2e-04
48.705035971223,1_2e-04,1632.46801917767,2e-04
48.9208633093525,1_2e-04,1633.33586583728,2e-04
49.136690647482,1_2e-04,1625.61324637799,2e-04
49.3525179856115,1_2e-04,1627.66573890728,2e-04
49.568345323741,1_2e-04,1624.96381934488,2e-04
49.7841726618705,1_2e-04,1624.1510082342,2e-04
50,1_2e-04,1624.88371668144,2e-04
50.2158273381295,1_2e-04,1619.76409061723,2e-04
50.431654676259,1_2e-04,1614.0392329402,2e-04
50.6474820143885,1_2e-04,1614.38540647373,2e-04
50.863309352518,1_2e-04,1617.25043842859,2e-04
51.0791366906475,1_2e-04,1614.04885945283,2e-04
51.294964028777,1_2e-04,1615.4849642423,2e-04
51.5107913669065,1_2e-04,1615.05707922862,2e-04
51.726618705036,1_2e-04,1612.15056788445,2e-04
51.9424460431655,1_2e-04,1617.09026829817,2e-04
52.158273381295,1_2e-04,1617.37826601778,2e-04
52.3741007194245,1_2e-04,1615.20317062342,2e-04
52.589928057554,1_2e-04,1613.14207447361,2e-04
52.8057553956834,1_2e-04,1615.36207329239,2e-04
53.0215827338129,1_2e-04,1622.40923019977,2e-04
53.2374100719424,1_2e-04,1620.12832114984,2e-04
53.4532374100719,1_2e-04,1623.56831482875,2e-04
53.6690647482014,1_2e-04,1626.92918469015,2e-04
53.8848920863309,1_2e-04,1632.22673978146,2e-04
54.1007194244604,1_2e-04,1638.9464017385,2e-04
54.3165467625899,1_2e-04,1641.62024822158,2e-04
54.5323741007194,1_2e-04,1648.24903957621,2e-04
54.7482014388489,1_2e-04,1649.78919358031,2e-04
54.9640287769784,1_2e-04,1655.89552930727,2e-04
55.1798561151079,1_2e-04,1659.56710712171,2e-04
55.3956834532374,1_2e-04,1668.76582442219,2e-04
55.6115107913669,1_2e-04,1675.78197278071,2e-04
55.8273381294964,1_2e-04,1678.01849094581,2e-04
56.0431654676259,1_2e-04,1682.80634111388,2e-04
56.2589928057554,1_2e-04,1690.47619402822,2e-04
56.4748201438849,1_2e-04,1692.9700780761,2e-04
56.6906474820144,1_2e-04,1695.5726429846,2e-04
56.9064748201439,1_2e-04,1699.77777080801,2e-04
57.1223021582734,1_2e-04,1703.76162740538,2e-04
57.3381294964029,1_2e-04,1700.63319610483,2e-04
57.5539568345324,1_2e-04,1706.07986116795,2e-04
57.7697841726619,1_2e-04,1707.17643993469,2e-04
57.9856115107914,1_2e-04,1707.17192805615,2e-04
58.2014388489209,1_2e-04,1710.36841582077,2e-04
58.4172661870504,1_2e-04,1709.35446706906,2e-04
58.6330935251799,1_2e-04,1703.56481296307,2e-04
58.8489208633094,1_2e-04,1705.70281790366,2e-04
59.0647482014388,1_2e-04,1705.22623189563,2e-04
59.2805755395683,1_2e-04,1701.35744933263,2e-04
59.4964028776978,1_2e-04,1697.95489411936,2e-04
59.7122302158273,1_2e-04,1695.46118104608,2e-04
59.9280575539568,1_2e-04,1696.4158150783,2e-04
60.1438848920863,1_2e-04,1690.32293332103,2e-04
60.3597122302158,1_2e-04,1687.96833689925,2e-04
60.5755395683453,1_2e-04,1683.09515196051,2e-04
60.7913669064748,1_2e-04,1683.58972290513,2e-04
61.0071942446043,1_2e-04,1682.15361049364,2e-04
61.2230215827338,1_2e-04,1673.06005395747,2e-04
61.4388489208633,1_2e-04,1672.93505691168,2e-04
61.6546762589928,1_2e-04,1671.00718089364,2e-04
61.8705035971223,1_2e-04,1674.30416434392,2e-04
62.0863309352518,1_2e-04,1671.54498113412,2e-04
62.3021582733813,1_2e-04,1665.01109870407,2e-04
62.5179856115108,1_2e-04,1662.18327237502,2e-04
62.7338129496403,1_2e-04,1657.20143497604,2e-04
62.9496402877698,1_2e-04,1654.78655211202,2e-04
63.1654676258993,1_2e-04,1655.82421331478,2e-04
63.3812949640288,1_2e-04,1648.05897916222,2e-04
63.5971223021583,1_2e-04,1643.07642765081,2e-04
63.8129496402878,1_2e-04,1641.84577403747,2e-04
64.0287769784173,1_2e-04,1636.84744760285,2e-04
64.2446043165468,1_2e-04,1637.52745390753,2e-04
64.4604316546763,1_2e-04,1630.07374692808,2e-04
64.6762589928058,1_2e-04,1630.03670001453,2e-04
64.8920863309353,1_2e-04,1622.48196356889,2e-04
65.1079136690647,1_2e-04,1622.86633988475,2e-04
65.3237410071942,1_2e-04,1613.93927568923,2e-04
65.5395683453237,1_2e-04,1613.20799902906,2e-04
65.7553956834532,1_2e-04,1610.72652260831,2e-04
65.9712230215827,1_2e-04,1607.12085305294,2e-04
66.1870503597122,1_2e-04,1600.87584736556,2e-04
66.4028776978417,1_2e-04,1597.33701182674,2e-04
66.6187050359712,1_2e-04,1595.72746521153,2e-04
66.8345323741007,1_2e-04,1593.32455652027,2e-04
67.0503597122302,1_2e-04,1586.04695961234,2e-04
67.2661870503597,1_2e-04,1588.08775065432,2e-04
67.4820143884892,1_2e-04,1580.70378699988,2e-04
67.6978417266187,1_2e-04,1574.34510853056,2e-04
67.9136690647482,1_2e-04,1570.96854384291,2e-04
68.1294964028777,1_2e-04,1570.91523046495,2e-04
68.3453237410072,1_2e-04,1567.88234010028,2e-04
68.5611510791367,1_2e-04,1559.5074618783,2e-04
68.7769784172662,1_2e-04,1555.29326249412,2e-04
68.9928057553957,1_2e-04,1553.23655556676,2e-04
69.2086330935252,1_2e-04,1544.5039999432,2e-04
69.4244604316547,1_2e-04,1545.96475496605,2e-04
69.6402877697842,1_2e-04,1541.00093989956,2e-04
69.8561151079137,1_2e-04,1536.68418069464,2e-04
40.0719424460432,2_1e-04,1138.17347523135,1e-04
40.2877697841727,2_1e-04,1136.36055052211,1e-04
40.5035971223022,2_1e-04,1135.64314769056,1e-04
40.7194244604317,2_1e-04,1130.36557743051,1e-04
40.9352517985612,2_1e-04,1126.979876974,1e-04
41.1510791366906,2_1e-04,1122.37802348888,1e-04
41.3669064748201,2_1e-04,1119.90696858109,1e-04
41.5827338129496,2_1e-04,1117.89065739519,1e-04
41.7985611510791,2_1e-04,1117.4268855256,1e-04
42.0143884892086,2_1e-04,1111.20480464663,1e-04
42.2302158273381,2_1e-04,1104.95504766877,1e-04
42.4460431654676,2_1e-04,1104.78657127094,1e-04
42.6618705035971,2_1e-04,1102.25310006245,1e-04
42.8776978417266,2_1e-04,1097.42958323692,1e-04
43.0935251798561,2_1e-04,1096.96942556686,1e-04
43.3093525179856,2_1e-04,1094.14721708557,1e-04
43.5251798561151,2_1e-04,1091.87413887612,1e-04
43.7410071942446,2_1e-04,1086.85625321786,1e-04
43.9568345323741,2_1e-04,1086.44929892867,1e-04
44.1726618705036,2_1e-04,1081.61633710137,1e-04
44.3884892086331,2_1e-04,1081.41116066344,1e-04
44.6043165467626,2_1e-04,1078.85207504351,1e-04
44.8201438848921,2_1e-04,1075.17464596759,1e-04
45.0359712230216,2_1e-04,1075.49480028354,1e-04
45.2517985611511,2_1e-04,1071.50936818217,1e-04
45.4676258992806,2_1e-04,1071.69453792664,1e-04
45.6834532374101,2_1e-04,1070.40856490929,1e-04
45.8992805755396,2_1e-04,1065.48428833872,1e-04
46.1151079136691,2_1e-04,1068.93328472098,1e-04
46.3309352517986,2_1e-04,1063.68557659052,1e-04
46.5467625899281,2_1e-04,1060.66091829351,1e-04
46.7625899280576,2_1e-04,1058.66207771131,1e-04
46.9784172661871,2_1e-04,1061.14504563346,1e-04
47.1942446043165,2_1e-04,1063.69052038104,1e-04
47.410071942446,2_1e-04,1061.73809783945,1e-04
47.6258992805755,2_1e-04,1061.0576835118,1e-04
47.841726618705,2_1e-04,1056.36889768435,1e-04
48.0575539568345,2_1e-04,1058.06393584519,1e-04
48.273381294964,2_1e-04,1055.22987795307,1e-04
48.4892086330935,2_1e-04,1057.26076947015,1e-04
48.705035971223,2_1e-04,1053.21285029443,1e-04
48.9208633093525,2_1e-04,1052.60263633904,1e-04
49.136690647482,2_1e-04,1052.41991596781,1e-04
49.3525179856115,2_1e-04,1054.1443639625,1e-04
49.568345323741,2_1e-04,1055.18800481603,1e-04
49.7841726618705,2_1e-04,1054.97226361647,1e-04
50,2_1e-04,1056.20082861612,1e-04
50.2158273381295,2_1e-04,1054.13762004604,1e-04
50.431654676259,2_1e-04,1056.35884821982,1e-04
50.6474820143885,2_1e-04,1057.68871339158,1e-04
50.863309352518,2_1e-04,1058.30997977534,1e-04
51.0791366906475,2_1e-04,1059.57908931278,1e-04
51.294964028777,2_1e-04,1059.65804530279,1e-04
51.5107913669065,2_1e-04,1065.90681007998,1e-04
51.726618705036,2_1e-04,1065.24492287827,1e-04
51.9424460431655,2_1e-04,1068.33347611211,1e-04
52.158273381295,2_1e-04,1073.21969703815,1e-04
52.3741007194245,2_1e-04,1074.60864068912,1e-04
52.589928057554,2_1e-04,1077.3425725397,1e-04
52.8057553956834,2_1e-04,1083.12221594326,1e-04
53.0215827338129,2_1e-04,1089.21109694248,1e-04
53.2374100719424,2_1e-04,1092.23984406309,1e-04
53.4532374100719,2_1e-04,1097.38093949588,1e-04
53.6690647482014,2_1e-04,1098.75712974143,1e-04
53.8848920863309,2_1e-04,1111.21606858849,1e-04
54.1007194244604,2_1e-04,1114.49373855741,1e-04
54.3165467625899,2_1e-04,1121.3298035262,1e-04
54.5323741007194,2_1e-04,1129.90592003293,1e-04
54.7482014388489,2_1e-04,1135.08111615826,1e-04
54.9640287769784,2_1e-04,1145.63784193211,1e-04
55.1798561151079,2_1e-04,1154.80544896969,1e-04
55.3956834532374,2_1e-04,1155.64471566244,1e-04
55.6115107913669,2_1e-04,1164.14064074609,1e-04
55.8273381294964,2_1e-04,1172.65405255777,1e-04
56.0431654676259,2_1e-04,1179.84193893123,1e-04
56.2589928057554,2_1e-04,1182.84396928936,1e-04
56.4748201438849,2_1e-04,1188.79059520408,1e-04
56.6906474820144,2_1e-04,1191.91820481318,1e-04
56.9064748201439,2_1e-04,1195.50019483688,1e-04
57.1223021582734,2_1e-04,1198.97473825715,1e-04
57.3381294964029,2_1e-04,1199.95818305537,1e-04
57.5539568345324,2_1e-04,1202.58287969993,1e-04
57.7697841726619,2_1e-04,1207.06863334468,1e-04
57.9856115107914,2_1e-04,1198.8732328255,1e-04
58.2014388489209,2_1e-04,1202.76782768756,1e-04
58.4172661870504,2_1e-04,1199.91337474282,1e-04
58.6330935251799,2_1e-04,1201.67082372198,1e-04
58.8489208633094,2_1e-04,1201.57243074849,1e-04
59.0647482014388,2_1e-04,1196.1879066853,1e-04
59.2805755395683,2_1e-04,1200.86948397225,1e-04
59.4964028776978,2_1e-04,1197.21402897936,1e-04
59.7122302158273,2_1e-04,1195.84047329974,1e-04
59.9280575539568,2_1e-04,1191.05079293217,1e-04
60.1438848920863,2_1e-04,1190.29114416665,1e-04
60.3597122302158,2_1e-04,1189.35817396002,1e-04
60.5755395683453,2_1e-04,1188.17102399924,1e-04
60.7913669064748,2_1e-04,1187.89163014879,1e-04
61.0071942446043,2_1e-04,1182.06073097359,1e-04
61.2230215827338,2_1e-04,1180.62602151479,1e-04
61.4388489208633,2_1e-04,1178.92325625548,1e-04
61.6546762589928,2_1e-04,1178.56838943855,1e-04
61.8705035971223,2_1e-04,1178.19598478009,1e-04
62.0863309352518,2_1e-04,1173.58004856444,1e-04
62.3021582733813,2_1e-04,1170.26814649662,1e-04
62.5179856115108,2_1e-04,1168.57463137675,1e-04
62.7338129496403,2_1e-04,1168.13807872031,1e-04
62.9496402877698,2_1e-04,1164.33328923149,1e-04
63.1654676258993,2_1e-04,1162.79180291624,1e-04
63.3812949640288,2_1e-04,1161.23397221774,1e-04
63.5971223021583,2_1e-04,1157.41286457851,1e-04
63.8129496402878,2_1e-04,1154.8684169896,1e-04
64.0287769784173,2_1e-04,1155.47052462631,1e-04
64.2446043165468,2_1e-04,1147.68257381282,1e-04
64.4604316546763,2_1e-04,1150.78147420738,1e-04
64.6762589928058,2_1e-04,1147.81136896271,1e-04
64.8920863309353,2_1e-04,1146.11427197748,1e-04
65.1079136690647,2_1e-04,1140.06461690263,1e-04
65.3237410071942,2_1e-04,1136.82802572165,1e-04
65.5395683453237,2_1e-04,1138.19716995335,1e-04
65.7553956834532,2_1e-04,1131.48000706598,1e-04
65.9712230215827,2_1e-04,1128.71047891089,1e-04
66.1870503597122,2_1e-04,1124.70422019794,1e-04
66.4028776978417,2_1e-04,1125.07194899954,1e-04
66.6187050359712,2_1e-04,1119.81960171459,1e-04
66.8345323741007,2_1e-04,1119.07578195991,1e-04
67.0503597122302,2_1e-04,1116.1345899732,1e-04
67.2661870503597,2_1e-04,1113.35127299439,1e-04
67.4820143884892,2_1e-04,1111.08622757189,1e-04
67.6978417266187,2_1e-04,1105.80339070286,1e-04
67.9136690647482,2_1e-04,1105.5202428798,1e-04
68.1294964028777,2_1e-04,1101.31231303257,1e-04
68.3453237410072,2_1e-04,1095.45493742842,1e-04
68.5611510791367,2_1e-04,1096.85145175609,1e-04
68.7769784172662,2_1e-04,1091.50466618354,1e-04
68.9928057553957,2_1e-04,1092.93519297069,1e-04
69.2086330935252,2_1e-04,1090.10884224213,1e-04
69.4244604316547,2_1e-04,1081.98293346896,1e-04
69.6402877697842,2_1e-04,1078.40225046857,1e-04
69.8561151079137,2_1e-04,1078.046980729,1e-04
40.0719424460432,3_5e-05,798.329579872333,5e-05
40.2877697841727,3_5e-05,797.505072592961,5e-05
40.5035971223022,3_5e-05,795.750835262431,5e-05
40.7194244604317,3_5e-05,789.336651554229,5e-05
40.9352517985612,3_5e-05,789.561763275936,5e-05
41.1510791366906,3_5e-05,785.750691372681,5e-05
41.3669064748201,3_5e-05,781.49930049624,5e-05
41.5827338129496,3_5e-05,780.848615447083,5e-05
41.7985611510791,3_5e-05,779.125904100442,5e-05
42.0143884892086,3_5e-05,775.538663596967,5e-05
42.2302158273381,3_5e-05,774.891018691225,5e-05
42.4460431654676,3_5e-05,772.405692330281,5e-05
42.6618705035971,3_5e-05,771.572624011126,5e-05
42.8776978417266,3_5e-05,767.2302430177,5e-05
43.0935251798561,3_5e-05,766.380645833081,5e-05
43.3093525179856,3_5e-05,764.234485444216,5e-05
43.5251798561151,3_5e-05,762.02550740856,5e-05
43.7410071942446,3_5e-05,761.748194104712,5e-05
43.9568345323741,3_5e-05,761.889009329526,5e-05
44.1726618705036,3_5e-05,757.17094987709,5e-05
44.3884892086331,3_5e-05,756.281826574108,5e-05
44.6043165467626,3_5e-05,756.25227384132,5e-05
44.8201438848921,3_5e-05,755.051092516828,5e-05
45.0359712230216,3_5e-05,752.779527674919,5e-05
45.2517985611511,3_5e-05,753.391989347413,5e-05
45.4676258992806,3_5e-05,751.209043607382,5e-05
45.6834532374101,3_5e-05,751.049842967633,5e-05
45.8992805755396,3_5e-05,751.791034422034,5e-05
46.1151079136691,3_5e-05,748.848339341402,5e-05
46.3309352517986,3_5e-05,747.241624391178,5e-05
46.5467625899281,3_5e-05,750.903929666705,5e-05
46.7625899280576,3_5e-05,749.8926785368,5e-05
46.9784172661871,3_5e-05,750.805594640953,5e-05
47.1942446043165,3_5e-05,750.859500448561,5e-05
47.410071942446,3_5e-05,747.969409376682,5e-05
47.6258992805755,3_5e-05,750.5102396418,5e-05
47.841726618705,3_5e-05,753.171314950041,5e-05
48.0575539568345,3_5e-05,749.51278550646,5e-05
48.273381294964,3_5e-05,751.048233201009,5e-05
48.4892086330935,3_5e-05,752.679386205162,5e-05
48.705035971223,3_5e-05,752.723253742847,5e-05
48.9208633093525,3_5e-05,754.935577933239,5e-05
49.136690647482,3_5e-05,755.676484434671,5e-05
49.3525179856115,3_5e-05,758.304438873343,5e-05
49.568345323741,3_5e-05,758.061553285993,5e-05
49.7841726618705,3_5e-05,760.196181056524,5e-05
50,3_5e-05,762.320657743944,5e-05
50.2158273381295,3_5e-05,762.319690972547,5e-05
50.431654676259,3_5e-05,765.353064841739,5e-05
50.6474820143885,3_5e-05,768.203274253083,5e-05
50.863309352518,3_5e-05,771.850131398547,5e-05
51.0791366906475,3_5e-05,773.53363466946,5e-05
51.294964028777,3_5e-05,776.573907970513,5e-05
51.5107913669065,3_5e-05,781.356013830969,5e-05
51.726618705036,3_5e-05,784.415960960544,5e-05
51.9424460431655,3_5e-05,789.012134135463,5e-05
52.158273381295,3_5e-05,794.729738275872,5e-05
52.3741007194245,3_5e-05,798.269321351274,5e-05
52.589928057554,3_5e-05,804.551794682118,5e-05
52.8057553956834,3_5e-05,810.163899843423,5e-05
53.0215827338129,3_5e-05,818.013618851741,5e-05
53.2374100719424,3_5e-05,826.306632263603,5e-05
53.4532374100719,3_5e-05,830.535214110384,5e-05
53.6690647482014,3_5e-05,838.376294197286,5e-05
53.8848920863309,3_5e-05,847.339074628722,5e-05
54.1007194244604,3_5e-05,854.785928855103,5e-05
54.3165467625899,3_5e-05,859.990050201404,5e-05
54.5323741007194,3_5e-05,870.30796885416,5e-05
54.7482014388489,3_5e-05,879.205190230028,5e-05
54.9640287769784,3_5e-05,886.053178111018,5e-05
55.1798561151079,3_5e-05,894.106853242074,5e-05
55.3956834532374,3_5e-05,902.089780201768,5e-05
55.6115107913669,3_5e-05,908.846255830054,5e-05
55.8273381294964,3_5e-05,913.201116796628,5e-05
56.0431654676259,3_5e-05,916.098653323889,5e-05
56.2589928057554,3_5e-05,922.353686844243,5e-05
56.4748201438849,3_5e-05,925.111045850389,5e-05
56.6906474820144,3_5e-05,926.171782172627,5e-05
56.9064748201439,3_5e-05,932.91756482447,5e-05
57.1223021582734,3_5e-05,931.291865723267,5e-05
57.3381294964029,3_5e-05,932.021857294508,5e-05
57.5539568345324,3_5e-05,932.156406571172,5e-05
57.7697841726619,3_5e-05,929.887710263146,5e-05
57.9856115107914,3_5e-05,933.613379740496,5e-05
58.2014388489209,3_5e-05,931.126792175525,5e-05
58.4172661870504,3_5e-05,930.622890818219,5e-05
58.6330935251799,3_5e-05,927.395920901335,5e-05
58.8489208633094,3_5e-05,927.390295642588,5e-05
59.0647482014388,3_5e-05,926.349785193832,5e-05
59.2805755395683,3_5e-05,928.047030768612,5e-05
59.4964028776978,3_5e-05,925.421122902888,5e-05
59.7122302158273,3_5e-05,923.44462312475,5e-05
59.9280575539568,3_5e-05,920.444825448235,5e-05
60.1438848920863,3_5e-05,919.440094422427,5e-05
60.3597122302158,3_5e-05,919.674565963547,5e-05
60.5755395683453,3_5e-05,914.929457926961,5e-05
60.7913669064748,3_5e-05,914.553087472125,5e-05
61.0071942446043,3_5e-05,914.387354570697,5e-05
61.2230215827338,3_5e-05,915.473874772673,5e-05
61.4388489208633,3_5e-05,910.991195093913,5e-05
61.6546762589928,3_5e-05,912.641432615197,5e-05
61.8705035971223,3_5e-05,910.310929632209,5e-05
62.0863309352518,3_5e-05,904.803423823356,5e-05
62.3021582733813,3_5e-05,904.596382399932,5e-05
62.5179856115108,3_5e-05,904.262148578388,5e-05
62.7338129496403,3_5e-05,902.465058246857,5e-05
62.9496402877698,3_5e-05,897.891675187057,5e-05
63.1654676258993,3_5e-05,900.046863071276,5e-05
63.3812949640288,3_5e-05,895.809406200386,5e-05
63.5971223021583,3_5e-05,892.531078062914,5e-05
63.8129496402878,3_5e-05,891.131414378483,5e-05
64.0287769784173,3_5e-05,890.130843867618,5e-05
64.2446043165468,3_5e-05,889.578638943867,5e-05
64.4604316546763,3_5e-05,888.371769453011,5e-05
64.6762589928058,3_5e-05,886.262920379945,5e-05
64.8920863309353,3_5e-05,884.396428178033,5e-05
65.1079136690647,3_5e-05,880.644006738381,5e-05
65.3237410071942,3_5e-05,879.628467629712,5e-05
65.5395683453237,3_5e-05,878.874197879029,5e-05
65.7553956834532,3_5e-05,876.118311278072,5e-05
65.9712230215827,3_5e-05,874.141122689734,5e-05
66.1870503597122,3_5e-05,872.500610740562,5e-05
66.4028776978417,3_5e-05,872.101278178634,5e-05
66.6187050359712,3_5e-05,868.852502257208,5e-05
66.8345323741007,3_5e-05,865.912282234021,5e-05
67.0503597122302,3_5e-05,866.200378216534,5e-05
67.2661870503597,3_5e-05,862.827027101548,5e-05
67.4820143884892,3_5e-05,861.681714145924,5e-05
67.6978417266187,3_5e-05,855.150676638025,5e-05
67.9136690647482,3_5e-05,853.857957732153,5e-05
68.1294964028777,3_5e-05,852.722445882025,5e-05
68.3453237410072,3_5e-05,851.836659694298,5e-05
68.5611510791367,3_5e-05,845.770090080169,5e-05
68.7769784172662,3_5e-05,843.386050201436,5e-05
68.9928057553957,3_5e-05,841.499935441832,5e-05
69.2086330935252,3_5e-05,842.500695517338,5e-05
69.4244604316547,3_5e-05,841.274613169481,5e-05
69.6402877697842,3_5e-05,835.163144853416,5e-05
69.8561151079137,3_5e-05,834.301341739614,5e-05
40.0719424460432,4_2.5e-05,620.76264315201,2.5e-05
40.2877697841727,4_2.5e-05,621.422078942943,2.5e-05
40.5035971223022,4_2.5e-05,617.957203545018,2.5e-05
40.7194244604317,4_2.5e-05,613.669567241255,2.5e-05
40.9352517985612,4_2.5e-05,612.369708303241,2.5e-05
41.1510791366906,4_2.5e-05,610.937327159781,2.5e-05
41.3669064748201,4_2.5e-05,607.591593928472,2.5e-05
41.5827338129496,4_2.5e-05,605.972274835266,2.5e-05
41.7985611510791,4_2.5e-05,603.17097371379,2.5e-05
42.0143884892086,4_2.5e-05,601.819176438094,2.5e-05
42.2302158273381,4_2.5e-05,599.446178516798,2.5e-05
42.4460431654676,4_2.5e-05,598.813028961748,2.5e-05
42.6618705035971,4_2.5e-05,594.944221283529,2.5e-05
42.8776978417266,4_2.5e-05,594.823557228276,2.5e-05
43.0935251798561,4_2.5e-05,592.61654501329,2.5e-05
43.3093525179856,4_2.5e-05,588.359352675199,2.5e-05
43.5251798561151,4_2.5e-05,591.42530192732,2.5e-05
43.7410071942446,4_2.5e-05,587.353060890549,2.5e-05
43.9568345323741,4_2.5e-05,586.149010193133,2.5e-05
44.1726618705036,4_2.5e-05,582.846965328577,2.5e-05
44.3884892086331,4_2.5e-05,583.479713321335,2.5e-05
44.6043165467626,4_2.5e-05,581.965698863339,2.5e-05
44.8201438848921,4_2.5e-05,579.956090852622,2.5e-05
45.0359712230216,4_2.5e-05,578.921034492413,2.5e-05
45.2517985611511,4_2.5e-05,578.603472872817,2.5e-05
45.4676258992806,4_2.5e-05,578.079987450469,2.5e-05
45.6834532374101,4_2.5e-05,577.530741785015,2.5e-05
45.8992805755396,4_2.5e-05,576.654468149069,2.5e-05
46.1151079136691,4_2.5e-05,573.697945539094,2.5e-05
46.3309352517986,4_2.5e-05,575.031443643455,2.5e-05
46.5467625899281,4_2.5e-05,573.75212239232,2.5e-05
46.7625899280576,4_2.5e-05,574.886060129469,2.5e-05
46.9784172661871,4_2.5e-05,574.49511161798,2.5e-05
47.1942446043165,4_2.5e-05,574.420536120003,2.5e-05
47.410071942446,4_2.5e-05,574.193092963955,2.5e-05
47.6258992805755,4_2.5e-05,575.32594983338,2.5e-05
47.841726618705,4_2.5e-05,576.448237635199,2.5e-05
48.0575539568345,4_2.5e-05,579.052856167949,2.5e-05
48.273381294964,4_2.5e-05,578.983699368,2.5e-05
48.4892086330935,4_2.5e-05,579.017349369024,2.5e-05
48.705035971223,4_2.5e-05,578.950950271561,2.5e-05
48.9208633093525,4_2.5e-05,579.604566716235,2.5e-05
49.136690647482,4_2.5e-05,582.539630281931,2.5e-05
49.3525179856115,4_2.5e-05,583.787429466079,2.5e-05
49.568345323741,4_2.5e-05,584.204568401662,2.5e-05
49.7841726618705,4_2.5e-05,586.758983952409,2.5e-05
50,4_2.5e-05,591.716378056851,2.5e-05
50.2158273381295,4_2.5e-05,591.494505721154,2.5e-05
50.431654676259,4_2.5e-05,595.020878118534,2.5e-05
50.6474820143885,4_2.5e-05,598.241978497085,2.5e-05
50.863309352518,4_2.5e-05,603.748721317151,2.5e-05
51.0791366906475,4_2.5e-05,606.075729576571,2.5e-05
51.294964028777,4_2.5e-05,610.366163478802,2.5e-05
51.5107913669065,4_2.5e-05,615.420164805681,2.5e-05
51.726618705036,4_2.5e-05,618.586434674486,2.5e-05
51.9424460431655,4_2.5e-05,624.423919043278,2.5e-05
52.158273381295,4_2.5e-05,630.972004325092,2.5e-05
52.3741007194245,4_2.5e-05,639.795715415207,2.5e-05
52.589928057554,4_2.5e-05,646.963365492858,2.5e-05
52.8057553956834,4_2.5e-05,654.134290283454,2.5e-05
53.0215827338129,4_2.5e-05,661.151919665981,2.5e-05
53.2374100719424,4_2.5e-05,670.067482530153,2.5e-05
53.4532374100719,4_2.5e-05,678.876803614917,2.5e-05
53.6690647482014,4_2.5e-05,688.005264778694,2.5e-05
53.8848920863309,4_2.5e-05,698.948722930835,2.5e-05
54.1007194244604,4_2.5e-05,710.287333675736,2.5e-05
54.3165467625899,4_2.5e-05,717.951739012093,2.5e-05
54.5323741007194,4_2.5e-05,732.114541779369,2.5e-05
54.7482014388489,4_2.5e-05,741.821224979727,2.5e-05
54.9640287769784,4_2.5e-05,750.162088442832,2.5e-05
55.1798561151079,4_2.5e-05,761.916401537774,2.5e-05
55.3956834532374,4_2.5e-05,772.482445086754,2.5e-05
55.6115107913669,4_2.5e-05,779.978439748433,2.5e-05
55.8273381294964,4_2.5e-05,788.618085753431,2.5e-05
56.0431654676259,4_2.5e-05,796.529323806446,2.5e-05
56.2589928057554,4_2.5e-05,800.338886124914,2.5e-05
56.4748201438849,4_2.5e-05,804.863902656988,2.5e-05
56.6906474820144,4_2.5e-05,808.372179658172,2.5e-05
56.9064748201439,4_2.5e-05,814.242686226479,2.5e-05
57.1223021582734,4_2.5e-05,818.094855035924,2.5e-05
57.3381294964029,4_2.5e-05,819.723387233258,2.5e-05
57.5539568345324,4_2.5e-05,821.138376875959,2.5e-05
57.7697841726619,4_2.5e-05,822.088073328447,2.5e-05
57.9856115107914,4_2.5e-05,820.526511684895,2.5e-05
58.2014388489209,4_2.5e-05,820.777750307552,2.5e-05
58.4172661870504,4_2.5e-05,821.973101213943,2.5e-05
58.6330935251799,4_2.5e-05,822.518700277202,2.5e-05
58.8489208633094,4_2.5e-05,820.926689980947,2.5e-05
59.0647482014388,4_2.5e-05,821.251423983984,2.5e-05
59.2805755395683,4_2.5e-05,819.66735202707,2.5e-05
59.4964028776978,4_2.5e-05,820.647039557194,2.5e-05
59.7122302158273,4_2.5e-05,817.506598712729,2.5e-05
59.9280575539568,4_2.5e-05,815.999854467867,2.5e-05
60.1438848920863,4_2.5e-05,815.812736763585,2.5e-05
60.3597122302158,4_2.5e-05,814.621886410991,2.5e-05
60.5755395683453,4_2.5e-05,813.455773152425,2.5e-05
60.7913669064748,4_2.5e-05,814.79941552242,2.5e-05
61.0071942446043,4_2.5e-05,814.391617135791,2.5e-05
61.2230215827338,4_2.5e-05,809.763403177406,2.5e-05
61.4388489208633,4_2.5e-05,811.09988745879,2.5e-05
61.6546762589928,4_2.5e-05,808.804188836249,2.5e-05
61.8705035971223,4_2.5e-05,805.152796315775,2.5e-05
62.0863309352518,4_2.5e-05,807.572830450419,2.5e-05
62.3021582733813,4_2.5e-05,804.858012124204,2.5e-05
62.5179856115108,4_2.5e-05,801.117062768255,2.5e-05
62.7338129496403,4_2.5e-05,804.104900397147,2.5e-05
62.9496402877698,4_2.5e-05,801.502401852014,2.5e-05
63.1654676258993,4_2.5e-05,799.915339813468,2.5e-05
63.3812949640288,4_2.5e-05,797.352541833196,2.5e-05
63.5971223021583,4_2.5e-05,795.883363066077,2.5e-05
63.8129496402878,4_2.5e-05,794.753447440679,2.5e-05
64.0287769784173,4_2.5e-05,792.916052195878,2.5e-05
64.2446043165468,4_2.5e-05,792.033369888521,2.5e-05
64.4604316546763,4_2.5e-05,792.401030582438,2.5e-05
64.6762589928058,4_2.5e-05,787.778559298565,2.5e-05
64.8920863309353,4_2.5e-05,788.630866384847,2.5e-05
65.1079136690647,4_2.5e-05,786.525447899012,2.5e-05
65.3237410071942,4_2.5e-05,784.458849574724,2.5e-05
65.5395683453237,4_2.5e-05,783.331869125628,2.5e-05
65.7553956834532,4_2.5e-05,781.566808888119,2.5e-05
65.9712230215827,4_2.5e-05,777.051734120055,2.5e-05
66.1870503597122,4_2.5e-05,776.535827563801,2.5e-05
66.4028776978417,4_2.5e-05,774.927475740011,2.5e-05
66.6187050359712,4_2.5e-05,775.548020629372,2.5e-05
66.8345323741007,4_2.5e-05,771.515051630958,2.5e-05
67.0503597122302,4_2.5e-05,770.621231460872,2.5e-05
67.2661870503597,4_2.5e-05,764.727684309665,2.5e-05
67.4820143884892,4_2.5e-05,765.271354400805,2.5e-05
67.6978417266187,4_2.5e-05,762.832942810721,2.5e-05
67.9136690647482,4_2.5e-05,762.801330483265,2.5e-05
68.1294964028777,4_2.5e-05,756.602607657187,2.5e-05
68.3453237410072,4_2.5e-05,757.529864519172,2.5e-05
68.5611510791367,4_2.5e-05,754.140963840976,2.5e-05
68.7769784172662,4_2.5e-05,752.873293494481,2.5e-05
68.9928057553957,4_2.5e-05,749.98142038051,2.5e-05
69.2086330935252,4_2.5e-05,749.458079507104,2.5e-05
69.4244604316547,4_2.5e-05,747.534426306825,2.5e-05
69.6402877697842,4_2.5e-05,745.430594842881,2.5e-05
69.8561151079137,4_2.5e-05,743.483630342175,2.5e-05
40.0719424460432,5_1.25e-05,548.206314846414,1.25e-05
40.2877697841727,5_1.25e-05,547.826970343692,1.25e-05
40.5035971223022,5_1.25e-05,540.13855649344,1.25e-05
40.7194244604317,5_1.25e-05,541.857899803609,1.25e-05
40.9352517985612,5_1.25e-05,540.096546095494,1.25e-05
41.1510791366906,5_1.25e-05,538.63974654365,1.25e-05
41.3669064748201,5_1.25e-05,539.322469913226,1.25e-05
41.5827338129496,5_1.25e-05,537.275094084758,1.25e-05
41.7985611510791,5_1.25e-05,536.299754160261,1.25e-05
42.0143884892086,5_1.25e-05,536.264778555132,1.25e-05
42.2302158273381,5_1.25e-05,535.853219983729,1.25e-05
42.4460431654676,5_1.25e-05,533.405568568561,1.25e-05
42.6618705035971,5_1.25e-05,533.075053800591,1.25e-05
42.8776978417266,5_1.25e-05,534.351497223141,1.25e-05
43.0935251798561,5_1.25e-05,532.650231387153,1.25e-05
43.3093525179856,5_1.25e-05,531.19180854616,1.25e-05
43.5251798561151,5_1.25e-05,531.654789562393,1.25e-05
43.7410071942446,5_1.25e-05,532.783131668246,1.25e-05
43.9568345323741,5_1.25e-05,534.470297006278,1.25e-05
44.1726618705036,5_1.25e-05,535.078618235068,1.25e-05
44.3884892086331,5_1.25e-05,533.414251768844,1.25e-05
44.6043165467626,5_1.25e-05,533.701713618634,1.25e-05
44.8201438848921,5_1.25e-05,532.947467847858,1.25e-05
45.0359712230216,5_1.25e-05,535.643836707077,1.25e-05
45.2517985611511,5_1.25e-05,538.400059764641,1.25e-05
45.4676258992806,5_1.25e-05,539.206584093326,1.25e-05
45.6834532374101,5_1.25e-05,541.171698902969,1.25e-05
45.8992805755396,5_1.25e-05,542.077075363856,1.25e-05
46.1151079136691,5_1.25e-05,544.452057442435,1.25e-05
46.3309352517986,5_1.25e-05,541.909582366225,1.25e-05
46.5467625899281,5_1.25e-05,549.18281508302,1.25e-05
46.7625899280576,5_1.25e-05,548.266555310975,1.25e-05
46.9784172661871,5_1.25e-05,549.628006087399,1.25e-05
47.1942446043165,5_1.25e-05,551.403814542116,1.25e-05
47.410071942446,5_1.25e-05,553.048380809961,1.25e-05
47.6258992805755,5_1.25e-05,559.048418695565,1.25e-05
47.841726618705,5_1.25e-05,560.490905504669,1.25e-05
48.0575539568345,5_1.25e-05,564.481864805401,1.25e-05
48.273381294964,5_1.25e-05,565.850976009576,1.25e-05
48.4892086330935,5_1.25e-05,565.434098996813,1.25e-05
48.705035971223,5_1.25e-05,571.230229491559,1.25e-05
48.9208633093525,5_1.25e-05,575.893845378771,1.25e-05
49.136690647482,5_1.25e-05,576.758130037915,1.25e-05
49.3525179856115,5_1.25e-05,581.460738400371,1.25e-05
49.568345323741,5_1.25e-05,585.755449993418,1.25e-05
49.7841726618705,5_1.25e-05,591.292676990711,1.25e-05
50,5_1.25e-05,595.251251169153,1.25e-05
50.2158273381295,5_1.25e-05,599.903880506272,1.25e-05
50.431654676259,5_1.25e-05,602.597454517641,1.25e-05
50.6474820143885,5_1.25e-05,610.385334971456,1.25e-05
50.863309352518,5_1.25e-05,613.729151866497,1.25e-05
51.0791366906475,5_1.25e-05,621.937419527788,1.25e-05
51.294964028777,5_1.25e-05,627.831785216756,1.25e-05
51.5107913669065,5_1.25e-05,638.31855876036,1.25e-05
51.726618705036,5_1.25e-05,639.770892792148,1.25e-05
51.9424460431655,5_1.25e-05,647.076686795994,1.25e-05
52.158273381295,5_1.25e-05,652.753115390789,1.25e-05
52.3741007194245,5_1.25e-05,662.637224719646,1.25e-05
52.589928057554,5_1.25e-05,670.469072033627,1.25e-05
52.8057553956834,5_1.25e-05,681.459267375636,1.25e-05
53.0215827338129,5_1.25e-05,687.26750321978,1.25e-05
53.2374100719424,5_1.25e-05,696.657839794174,1.25e-05
53.4532374100719,5_1.25e-05,703.99393539459,1.25e-05
53.6690647482014,5_1.25e-05,713.005276041865,1.25e-05
53.8848920863309,5_1.25e-05,723.385303926332,1.25e-05
54.1007194244604,5_1.25e-05,731.68138750068,1.25e-05
54.3165467625899,5_1.25e-05,739.781766579178,1.25e-05
54.5323741007194,5_1.25e-05,745.87667707143,1.25e-05
54.7482014388489,5_1.25e-05,754.933883357632,1.25e-05
54.9640287769784,5_1.25e-05,764.395420374163,1.25e-05
55.1798561151079,5_1.25e-05,764.723056816644,1.25e-05
55.3956834532374,5_1.25e-05,770.377377676514,1.25e-05
55.6115107913669,5_1.25e-05,779.313010482621,1.25e-05
55.8273381294964,5_1.25e-05,782.990385071252,1.25e-05
56.0431654676259,5_1.25e-05,788.897798917782,1.25e-05
56.2589928057554,5_1.25e-05,789.143623021768,1.25e-05
56.4748201438849,5_1.25e-05,792.176919738066,1.25e-05
56.6906474820144,5_1.25e-05,792.830784861488,1.25e-05
56.9064748201439,5_1.25e-05,795.178379345385,1.25e-05
57.1223021582734,5_1.25e-05,796.282632363408,1.25e-05
57.3381294964029,5_1.25e-05,791.725223107776,1.25e-05
57.5539568345324,5_1.25e-05,794.075059127316,1.25e-05
57.7697841726619,5_1.25e-05,797.026015090393,1.25e-05
57.9856115107914,5_1.25e-05,792.865312248112,1.25e-05
58.2014388489209,5_1.25e-05,789.229760721812,1.25e-05
58.4172661870504,5_1.25e-05,792.574820045302,1.25e-05
58.6330935251799,5_1.25e-05,787.786882077404,1.25e-05
58.8489208633094,5_1.25e-05,790.772674046035,1.25e-05
59.0647482014388,5_1.25e-05,787.985910920003,1.25e-05
59.2805755395683,5_1.25e-05,789.117510160492,1.25e-05
59.4964028776978,5_1.25e-05,787.262364856091,1.25e-05
59.7122302158273,5_1.25e-05,785.368948484135,1.25e-05
59.9280575539568,5_1.25e-05,783.892765702258,1.25e-05
60.1438848920863,5_1.25e-05,782.586227811057,1.25e-05
60.3597122302158,5_1.25e-05,779.728092736191,1.25e-05
60.5755395683453,5_1.25e-05,781.233631907996,1.25e-05
60.7913669064748,5_1.25e-05,777.92414226807,1.25e-05
61.0071942446043,5_1.25e-05,776.081668200745,1.25e-05
61.2230215827338,5_1.25e-05,773.627215395771,1.25e-05
61.4388489208633,5_1.25e-05,773.420654222482,1.25e-05
61.6546762589928,5_1.25e-05,772.434486220745,1.25e-05
61.8705035971223,5_1.25e-05,772.469572181687,1.25e-05
62.0863309352518,5_1.25e-05,769.629687969923,1.25e-05
62.3021582733813,5_1.25e-05,768.58895166706,1.25e-05
62.5179856115108,5_1.25e-05,765.484705293018,1.25e-05
62.7338129496403,5_1.25e-05,767.52157598618,1.25e-05
62.9496402877698,5_1.25e-05,760.923649134844,1.25e-05
63.1654676258993,5_1.25e-05,765.377099724458,1.25e-05
63.3812949640288,5_1.25e-05,763.488867251471,1.25e-05
63.5971223021583,5_1.25e-05,758.653235656191,1.25e-05
63.8129496402878,5_1.25e-05,755.415347934113,1.25e-05
64.0287769784173,5_1.25e-05,754.96596392458,1.25e-05
64.2446043165468,5_1.25e-05,755.024077887676,1.25e-05
64.4604316546763,5_1.25e-05,753.506222888341,1.25e-05
64.6762589928058,5_1.25e-05,752.311482193045,1.25e-05
64.8920863309353,5_1.25e-05,750.245815555455,1.25e-05
65.1079136690647,5_1.25e-05,744.833102630228,1.25e-05
65.3237410071942,5_1.25e-05,750.783252829359,1.25e-05
65.5395683453237,5_1.25e-05,743.567620705085,1.25e-05
65.7553956834532,5_1.25e-05,743.678246914021,1.25e-05
65.9712230215827,5_1.25e-05,741.520198550329,1.25e-05
66.1870503597122,5_1.25e-05,740.476355902133,1.25e-05
66.4028776978417,5_1.25e-05,737.99867399994,1.25e-05
66.6187050359712,5_1.25e-05,738.584590071314,1.25e-05
66.8345323741007,5_1.25e-05,735.851272816166,1.25e-05
67.0503597122302,5_1.25e-05,733.410269619014,1.25e-05
67.2661870503597,5_1.25e-05,729.118896344681,1.25e-05
67.4820143884892,5_1.25e-05,727.101442811387,1.25e-05
67.6978417266187,5_1.25e-05,725.065943300103,1.25e-05
67.9136690647482,5_1.25e-05,723.884751663011,1.25e-05
68.1294964028777,5_1.25e-05,723.406377309921,1.25e-05
68.3453237410072,5_1.25e-05,719.184365691549,1.25e-05
68.5611510791367,5_1.25e-05,717.042006062997,1.25e-05
68.7769784172662,5_1.25e-05,715.911601939482,1.25e-05
68.9928057553957,5_1.25e-05,711.565730602689,1.25e-05
69.2086330935252,5_1.25e-05,712.355883877305,1.25e-05
69.4244604316547,5_1.25e-05,709.745059903792,1.25e-05
69.6402877697842,5_1.25e-05,706.553985509344,1.25e-05
69.8561151079137,5_1.25e-05,705.053252115531,1.25e-05
40.0719424460432,6_6.25e-06,485.944599263666,6.25e-06
40.2877697841727,6_6.25e-06,484.884110338709,6.25e-06
40.5035971223022,6_6.25e-06,483.809383212782,6.25e-06
40.7194244604317,6_6.25e-06,481.843469230314,6.25e-06
40.9352517985612,6_6.25e-06,481.552279098368,6.25e-06
41.1510791366906,6_6.25e-06,477.289268626777,6.25e-06
41.3669064748201,6_6.25e-06,478.111476276459,6.25e-06
41.5827338129496,6_6.25e-06,477.394529612024,6.25e-06
41.7985611510791,6_6.25e-06,476.219536965612,6.25e-06
42.0143884892086,6_6.25e-06,473.890695560382,6.25e-06
42.2302158273381,6_6.25e-06,475.180040066453,6.25e-06
42.4460431654676,6_6.25e-06,474.660971350686,6.25e-06
42.6618705035971,6_6.25e-06,473.127670318179,6.25e-06
42.8776978417266,6_6.25e-06,474.1022710329,6.25e-06
43.0935251798561,6_6.25e-06,472.806714123971,6.25e-06
43.3093525179856,6_6.25e-06,471.897343887971,6.25e-06
43.5251798561151,6_6.25e-06,471.860356025031,6.25e-06
43.7410071942446,6_6.25e-06,472.206814406927,6.25e-06
43.9568345323741,6_6.25e-06,473.504621403378,6.25e-06
44.1726618705036,6_6.25e-06,473.400188657883,6.25e-06
44.3884892086331,6_6.25e-06,475.555881568017,6.25e-06
44.6043165467626,6_6.25e-06,474.519711297791,6.25e-06
44.8201438848921,6_6.25e-06,474.568445671251,6.25e-06
45.0359712230216,6_6.25e-06,476.48316977387,6.25e-06
45.2517985611511,6_6.25e-06,477.278755412347,6.25e-06
45.4676258992806,6_6.25e-06,478.890691069076,6.25e-06
45.6834532374101,6_6.25e-06,479.94057833121,6.25e-06
45.8992805755396,6_6.25e-06,480.026660184723,6.25e-06
46.1151079136691,6_6.25e-06,482.519336767963,6.25e-06
46.3309352517986,6_6.25e-06,481.099816020371,6.25e-06
46.5467625899281,6_6.25e-06,484.682193214424,6.25e-06
46.7625899280576,6_6.25e-06,485.246910016568,6.25e-06
46.9784172661871,6_6.25e-06,490.197345005504,6.25e-06
47.1942446043165,6_6.25e-06,490.362915521807,6.25e-06
47.410071942446,6_6.25e-06,494.940679309774,6.25e-06
47.6258992805755,6_6.25e-06,494.812613445414,6.25e-06
47.841726618705,6_6.25e-06,498.799771715366,6.25e-06
48.0575539568345,6_6.25e-06,500.847930701689,6.25e-06
48.273381294964,6_6.25e-06,503.062288914517,6.25e-06
48.4892086330935,6_6.25e-06,505.016002004441,6.25e-06
48.705035971223,6_6.25e-06,509.449518015361,6.25e-06
48.9208633093525,6_6.25e-06,511.639664828384,6.25e-06
49.136690647482,6_6.25e-06,514.076274843162,6.25e-06
49.3525179856115,6_6.25e-06,518.758223392398,6.25e-06
49.568345323741,6_6.25e-06,522.175780783707,6.25e-06
49.7841726618705,6_6.25e-06,525.183180062585,6.25e-06
50,6_6.25e-06,531.502410297055,6.25e-06
50.2158273381295,6_6.25e-06,534.69346877906,6.25e-06
50.431654676259,6_6.25e-06,537.54616723117,6.25e-06
50.6474820143885,6_6.25e-06,541.621747959844,6.25e-06
50.863309352518,6_6.25e-06,548.422119688789,6.25e-06
51.0791366906475,6_6.25e-06,551.515660080888,6.25e-06
51.294964028777,6_6.25e-06,560.636329045856,6.25e-06
51.5107913669065,6_6.25e-06,566.183189826092,6.25e-06
51.726618705036,6_6.25e-06,572.753656643252,6.25e-06
51.9424460431655,6_6.25e-06,579.044856978411,6.25e-06
52.158273381295,6_6.25e-06,584.73444083877,6.25e-06
52.3741007194245,6_6.25e-06,594.523095631067,6.25e-06
52.589928057554,6_6.25e-06,601.826957745832,6.25e-06
52.8057553956834,6_6.25e-06,607.121519982303,6.25e-06
53.0215827338129,6_6.25e-06,618.168820676038,6.25e-06
53.2374100719424,6_6.25e-06,628.413910555628,6.25e-06
53.4532374100719,6_6.25e-06,636.649233487463,6.25e-06
53.6690647482014,6_6.25e-06,645.634908822356,6.25e-06
53.8848920863309,6_6.25e-06,653.827546050524,6.25e-06
54.1007194244604,6_6.25e-06,664.361835307633,6.25e-06
54.3165467625899,6_6.25e-06,674.91372260663,6.25e-06
54.5323741007194,6_6.25e-06,682.530792691636,6.25e-06
54.7482014388489,6_6.25e-06,690.984118550327,6.25e-06
54.9640287769784,6_6.25e-06,695.84229254073,6.25e-06
55.1798561151079,6_6.25e-06,701.761312880316,6.25e-06
55.3956834532374,6_6.25e-06,712.032931411352,6.25e-06
55.6115107913669,6_6.25e-06,715.645458041913,6.25e-06
55.8273381294964,6_6.25e-06,721.069236712862,6.25e-06
56.0431654676259,6_6.25e-06,725.767024307278,6.25e-06
56.2589928057554,6_6.25e-06,728.045796603777,6.25e-06
56.4748201438849,6_6.25e-06,730.64933454319,6.25e-06
56.6906474820144,6_6.25e-06,732.005649673599,6.25e-06
56.9064748201439,6_6.25e-06,732.989434121782,6.25e-06
57.1223021582734,6_6.25e-06,736.247910150627,6.25e-06
57.3381294964029,6_6.25e-06,733.14713263711,6.25e-06
57.5539568345324,6_6.25e-06,734.114729794949,6.25e-06
57.7697841726619,6_6.25e-06,734.978130405092,6.25e-06
57.9856115107914,6_6.25e-06,733.160408321997,6.25e-06
58.2014388489209,6_6.25e-06,734.292335655238,6.25e-06
58.4172661870504,6_6.25e-06,735.839663500596,6.25e-06
58.6330935251799,6_6.25e-06,735.372808892551,6.25e-06
58.8489208633094,6_6.25e-06,731.887332537728,6.25e-06
59.0647482014388,6_6.25e-06,730.420561359159,6.25e-06
59.2805755395683,6_6.25e-06,729.975314459049,6.25e-06
59.4964028776978,6_6.25e-06,728.580473180137,6.25e-06
59.7122302158273,6_6.25e-06,726.204533796022,6.25e-06
59.9280575539568,6_6.25e-06,722.890041306651,6.25e-06
60.1438848920863,6_6.25e-06,724.570127526166,6.25e-06
60.3597122302158,6_6.25e-06,722.919328708268,6.25e-06
60.5755395683453,6_6.25e-06,723.853350950669,6.25e-06
60.7913669064748,6_6.25e-06,721.886575778136,6.25e-06
61.0071942446043,6_6.25e-06,718.332881625942,6.25e-06
61.2230215827338,6_6.25e-06,719.158605619511,6.25e-06
61.4388489208633,6_6.25e-06,716.965017347683,6.25e-06
61.6546762589928,6_6.25e-06,714.750407380288,6.25e-06
61.8705035971223,6_6.25e-06,711.283580981212,6.25e-06
62.0863309352518,6_6.25e-06,713.248365254549,6.25e-06
62.3021582733813,6_6.25e-06,711.908806519408,6.25e-06
62.5179856115108,6_6.25e-06,710.385117720499,6.25e-06
62.7338129496403,6_6.25e-06,711.469844342128,6.25e-06
62.9496402877698,6_6.25e-06,709.230710561248,6.25e-06
63.1654676258993,6_6.25e-06,705.59358517835,6.25e-06
63.3812949640288,6_6.25e-06,702.448096061359,6.25e-06
63.5971223021583,6_6.25e-06,702.031384740064,6.25e-06
63.8129496402878,6_6.25e-06,703.689048976787,6.25e-06
64.0287769784173,6_6.25e-06,701.115850636258,6.25e-06
64.2446043165468,6_6.25e-06,700.195144782236,6.25e-06
64.4604316546763,6_6.25e-06,695.746449808777,6.25e-06
64.6762589928058,6_6.25e-06,696.749338315404,6.25e-06
64.8920863309353,6_6.25e-06,693.376626117698,6.25e-06
65.1079136690647,6_6.25e-06,693.557483563076,6.25e-06
65.3237410071942,6_6.25e-06,689.592959025994,6.25e-06
65.5395683453237,6_6.25e-06,690.550837545927,6.25e-06
65.7553956834532,6_6.25e-06,687.340820629608,6.25e-06
65.9712230215827,6_6.25e-06,683.523769635275,6.25e-06
66.1870503597122,6_6.25e-06,683.772992366159,6.25e-06
66.4028776978417,6_6.25e-06,681.965237158528,6.25e-06
66.6187050359712,6_6.25e-06,678.629848744421,6.25e-06
66.8345323741007,6_6.25e-06,676.983266344386,6.25e-06
67.0503597122302,6_6.25e-06,675.252169947905,6.25e-06
67.2661870503597,6_6.25e-06,675.382885630976,6.25e-06
67.4820143884892,6_6.25e-06,671.104149538974,6.25e-06
67.6978417266187,6_6.25e-06,669.439061654049,6.25e-06
67.9136690647482,6_6.25e-06,666.251242031969,6.25e-06
68.1294964028777,6_6.25e-06,666.941227163476,6.25e-06
68.3453237410072,6_6.25e-06,664.112193869022,6.25e-06
68.5611510791367,6_6.25e-06,663.413725013209,6.25e-06
68.7769784172662,6_6.25e-06,657.769619606205,6.25e-06
68.9928057553957,6_6.25e-06,660.36458896261,6.25e-06
69.2086330935252,6_6.25e-06,656.56945419276,6.25e-06
69.4244604316547,6_6.25e-06,654.811199556638,6.25e-06
69.6402877697842,6_6.25e-06,652.758597130748,6.25e-06
69.8561151079137,6_6.25e-06,649.826588561054,6.25e-06
40.0719424460432,7_3.125e-06,460.420066608137,3.125e-06
40.2877697841727,7_3.125e-06,460.147023874447,3.125e-06
40.5035971223022,7_3.125e-06,458.694883305334,3.125e-06
40.7194244604317,7_3.125e-06,456.113261875331,3.125e-06
40.9352517985612,7_3.125e-06,456.754357477271,3.125e-06
41.1510791366906,7_3.125e-06,453.376191223702,3.125e-06
41.3669064748201,7_3.125e-06,453.130675075469,3.125e-06
41.5827338129496,7_3.125e-06,454.056693490995,3.125e-06
41.7985611510791,7_3.125e-06,455.061252106539,3.125e-06
42.0143884892086,7_3.125e-06,450.635352050793,3.125e-06
42.2302158273381,7_3.125e-06,454.759361314056,3.125e-06
42.4460431654676,7_3.125e-06,452.381036136576,3.125e-06
42.6618705035971,7_3.125e-06,451.658279043177,3.125e-06
42.8776978417266,7_3.125e-06,453.933187674641,3.125e-06
43.0935251798561,7_3.125e-06,453.005536290391,3.125e-06
43.3093525179856,7_3.125e-06,454.720730638003,3.125e-06
43.5251798561151,7_3.125e-06,453.313157790432,3.125e-06
43.7410071942446,7_3.125e-06,456.533365727014,3.125e-06
43.9568345323741,7_3.125e-06,454.330547549251,3.125e-06
44.1726618705036,7_3.125e-06,454.826782833412,3.125e-06
44.3884892086331,7_3.125e-06,456.085155118863,3.125e-06
44.6043165467626,7_3.125e-06,456.817257409011,3.125e-06
44.8201438848921,7_3.125e-06,457.621432570389,3.125e-06
45.0359712230216,7_3.125e-06,460.374923213847,3.125e-06
45.2517985611511,7_3.125e-06,460.709762977653,3.125e-06
45.4676258992806,7_3.125e-06,463.652288024516,3.125e-06
45.6834532374101,7_3.125e-06,465.118074565343,3.125e-06
45.8992805755396,7_3.125e-06,467.164783745396,3.125e-06
46.1151079136691,7_3.125e-06,470.890563159886,3.125e-06
46.3309352517986,7_3.125e-06,470.176764968755,3.125e-06
46.5467625899281,7_3.125e-06,474.398145545747,3.125e-06
46.7625899280576,7_3.125e-06,475.611592127682,3.125e-06
46.9784172661871,7_3.125e-06,477.531514086638,3.125e-06
47.1942446043165,7_3.125e-06,481.17464874829,3.125e-06
47.410071942446,7_3.125e-06,483.385488035934,3.125e-06
47.6258992805755,7_3.125e-06,485.370604991264,3.125e-06
47.841726618705,7_3.125e-06,488.95199834335,3.125e-06
48.0575539568345,7_3.125e-06,494.383749424831,3.125e-06
48.273381294964,7_3.125e-06,498.207713052855,3.125e-06
48.4892086330935,7_3.125e-06,501.071457689776,3.125e-06
48.705035971223,7_3.125e-06,503.283726346469,3.125e-06
48.9208633093525,7_3.125e-06,507.919267809819,3.125e-06
49.136690647482,7_3.125e-06,512.568561802156,3.125e-06
49.3525179856115,7_3.125e-06,517.214238628745,3.125e-06
49.568345323741,7_3.125e-06,520.089497773171,3.125e-06
49.7841726618705,7_3.125e-06,525.13939841301,3.125e-06
50,7_3.125e-06,529.729209177118,3.125e-06
50.2158273381295,7_3.125e-06,535.168136379462,3.125e-06
50.431654676259,7_3.125e-06,541.24438760549,3.125e-06
50.6474820143885,7_3.125e-06,547.698325929771,3.125e-06
50.863309352518,7_3.125e-06,551.997972659307,3.125e-06
51.0791366906475,7_3.125e-06,557.374144914326,3.125e-06
51.294964028777,7_3.125e-06,564.221310104344,3.125e-06
51.5107913669065,7_3.125e-06,572.826030036495,3.125e-06
51.726618705036,7_3.125e-06,577.556651008527,3.125e-06
51.9424460431655,7_3.125e-06,585.069175003917,3.125e-06
52.158273381295,7_3.125e-06,593.169840958045,3.125e-06
52.3741007194245,7_3.125e-06,602.232925146554,3.125e-06
52.589928057554,7_3.125e-06,609.802347558955,3.125e-06
52.8057553956834,7_3.125e-06,617.914042677708,3.125e-06
53.0215827338129,7_3.125e-06,625.888690803187,3.125e-06
53.2374100719424,7_3.125e-06,636.149135543481,3.125e-06
53.4532374100719,7_3.125e-06,644.228220097098,3.125e-06
53.6690647482014,7_3.125e-06,655.378530774318,3.125e-06
53.8848920863309,7_3.125e-06,661.563174792465,3.125e-06
54.1007194244604,7_3.125e-06,668.37884335616,3.125e-06
54.3165467625899,7_3.125e-06,677.265780266312,3.125e-06
54.5323741007194,7_3.125e-06,685.92573802208,3.125e-06
54.7482014388489,7_3.125e-06,691.184712371296,3.125e-06
54.9640287769784,7_3.125e-06,699.713690041344,3.125e-06
55.1798561151079,7_3.125e-06,704.16177478528,3.125e-06
55.3956834532374,7_3.125e-06,711.036400353041,3.125e-06
55.6115107913669,7_3.125e-06,715.026298663107,3.125e-06
55.8273381294964,7_3.125e-06,717.990009413165,3.125e-06
56.0431654676259,7_3.125e-06,719.61994514941,3.125e-06
56.2589928057554,7_3.125e-06,722.75779059522,3.125e-06
56.4748201438849,7_3.125e-06,723.406143042085,3.125e-06
56.6906474820144,7_3.125e-06,724.843491785087,3.125e-06
56.9064748201439,7_3.125e-06,725.329496382849,3.125e-06
57.1223021582734,7_3.125e-06,725.359829803952,3.125e-06
57.3381294964029,7_3.125e-06,728.662370922215,3.125e-06
57.5539568345324,7_3.125e-06,726.232080017254,3.125e-06
57.7697841726619,7_3.125e-06,725.870794605534,3.125e-06
57.9856115107914,7_3.125e-06,725.326171563972,3.125e-06
58.2014388489209,7_3.125e-06,726.098194886098,3.125e-06
58.4172661870504,7_3.125e-06,726.919680115256,3.125e-06
58.6330935251799,7_3.125e-06,724.455143861122,3.125e-06
58.8489208633094,7_3.125e-06,722.933177507045,3.125e-06
59.0647482014388,7_3.125e-06,721.867100725239,3.125e-06
59.2805755395683,7_3.125e-06,721.331312722899,3.125e-06
59.4964028776978,7_3.125e-06,722.292094189572,3.125e-06
59.7122302158273,7_3.125e-06,719.630759016453,3.125e-06
59.9280575539568,7_3.125e-06,715.936255516998,3.125e-06
60.1438848920863,7_3.125e-06,715.547849617948,3.125e-06
60.3597122302158,7_3.125e-06,715.180381004708,3.125e-06
60.5755395683453,7_3.125e-06,716.541672189028,3.125e-06
60.7913669064748,7_3.125e-06,715.076328954632,3.125e-06
61.0071942446043,7_3.125e-06,710.348159573724,3.125e-06
61.2230215827338,7_3.125e-06,711.479542479382,3.125e-06
61.4388489208633,7_3.125e-06,709.591572608037,3.125e-06
61.6546762589928,7_3.125e-06,710.191031634909,3.125e-06
61.8705035971223,7_3.125e-06,707.421944693065,3.125e-06
62.0863309352518,7_3.125e-06,704.31166542521,3.125e-06
62.3021582733813,7_3.125e-06,702.875174593202,3.125e-06
62.5179856115108,7_3.125e-06,702.040962076232,3.125e-06
62.7338129496403,7_3.125e-06,699.987499647544,3.125e-06
62.9496402877698,7_3.125e-06,698.13360779344,3.125e-06
63.1654676258993,7_3.125e-06,696.551780015739,3.125e-06
63.3812949640288,7_3.125e-06,699.235665293949,3.125e-06
63.5971223021583,7_3.125e-06,694.69883070634,3.125e-06
63.8129496402878,7_3.125e-06,692.944379842236,3.125e-06
64.0287769784173,7_3.125e-06,691.112314198035,3.125e-06
64.2446043165468,7_3.125e-06,689.890365781681,3.125e-06
64.4604316546763,7_3.125e-06,688.135985443951,3.125e-06
64.6762589928058,7_3.125e-06,686.355535493816,3.125e-06
64.8920863309353,7_3.125e-06,683.922094123726,3.125e-06
65.1079136690647,7_3.125e-06,685.025926264699,3.125e-06
65.3237410071942,7_3.125e-06,681.425832989803,3.125e-06
65.5395683453237,7_3.125e-06,680.37354798021,3.125e-06
65.7553956834532,7_3.125e-06,679.042192852693,3.125e-06
65.9712230215827,7_3.125e-06,676.660199423676,3.125e-06
66.1870503597122,7_3.125e-06,674.651086194852,3.125e-06
66.4028776978417,7_3.125e-06,670.138956482203,3.125e-06
66.6187050359712,7_3.125e-06,672.435317136687,3.125e-06
66.8345323741007,7_3.125e-06,669.785233779662,3.125e-06
67.0503597122302,7_3.125e-06,665.84304305978,3.125e-06
67.2661870503597,7_3.125e-06,666.233802472977,3.125e-06
67.4820143884892,7_3.125e-06,665.010534435897,3.125e-06
67.6978417266187,7_3.125e-06,661.123891267246,3.125e-06
67.9136690647482,7_3.125e-06,660.26699310097,3.125e-06
68.1294964028777,7_3.125e-06,657.618865932963,3.125e-06
68.3453237410072,7_3.125e-06,655.832412280787,3.125e-06
68.5611510791367,7_3.125e-06,652.80129907509,3.125e-06
68.7769784172662,7_3.125e-06,653.918859517275,3.125e-06
68.9928057553957,7_3.125e-06,649.339958616256,3.125e-06
69.2086330935252,7_3.125e-06,648.883690383412,3.125e-06
69.4244604316547,7_3.125e-06,644.188992545824,3.125e-06
69.6402877697842,7_3.125e-06,643.099629375525,3.125e-06
69.8561151079137,7_3.125e-06,642.646200961446,3.125e-06
40.0719424460432,8_1.5625e-06,449.909004159053,1.5625e-06
40.2877697841727,8_1.5625e-06,447.107842502355,1.5625e-06
40.5035971223022,8_1.5625e-06,447.622668743258,1.5625e-06
40.7194244604317,8_1.5625e-06,444.939295622282,1.5625e-06
40.9352517985612,8_1.5625e-06,444.952189553969,1.5625e-06
41.1510791366906,8_1.5625e-06,444.563139199253,1.5625e-06
41.3669064748201,8_1.5625e-06,443.471762805658,1.5625e-06
41.5827338129496,8_1.5625e-06,443.571273385586,1.5625e-06
41.7985611510791,8_1.5625e-06,442.351959392616,1.5625e-06
42.0143884892086,8_1.5625e-06,441.023673406167,1.5625e-06
42.2302158273381,8_1.5625e-06,441.503672782706,1.5625e-06
42.4460431654676,8_1.5625e-06,441.998198259224,1.5625e-06
42.6618705035971,8_1.5625e-06,441.3082358313,1.5625e-06
42.8776978417266,8_1.5625e-06,440.270935374038,1.5625e-06
43.0935251798561,8_1.5625e-06,441.902733611348,1.5625e-06
43.3093525179856,8_1.5625e-06,441.542120171904,1.5625e-06
43.5251798561151,8_1.5625e-06,441.330427770592,1.5625e-06
43.7410071942446,8_1.5625e-06,441.11779222442,1.5625e-06
43.9568345323741,8_1.5625e-06,443.137626109766,1.5625e-06
44.1726618705036,8_1.5625e-06,444.792564457188,1.5625e-06
44.3884892086331,8_1.5625e-06,443.865521320433,1.5625e-06
44.6043165467626,8_1.5625e-06,444.798807039832,1.5625e-06
44.8201438848921,8_1.5625e-06,446.986811464792,1.5625e-06
45.0359712230216,8_1.5625e-06,447.927796415753,1.5625e-06
45.2517985611511,8_1.5625e-06,448.821243806952,1.5625e-06
45.4676258992806,8_1.5625e-06,451.236449609297,1.5625e-06
45.6834532374101,8_1.5625e-06,451.040817227736,1.5625e-06
45.8992805755396,8_1.5625e-06,453.920177339823,1.5625e-06
46.1151079136691,8_1.5625e-06,456.499678324808,1.5625e-06
46.3309352517986,8_1.5625e-06,457.045622265216,1.5625e-06
46.5467625899281,8_1.5625e-06,459.746757921668,1.5625e-06
46.7625899280576,8_1.5625e-06,461.647947987983,1.5625e-06
46.9784172661871,8_1.5625e-06,463.710915138607,1.5625e-06
47.1942446043165,8_1.5625e-06,466.78627873757,1.5625e-06
47.410071942446,8_1.5625e-06,471.581131341576,1.5625e-06
47.6258992805755,8_1.5625e-06,470.825553567627,1.5625e-06
47.841726618705,8_1.5625e-06,475.763946489799,1.5625e-06
48.0575539568345,8_1.5625e-06,479.808474210134,1.5625e-06
48.273381294964,8_1.5625e-06,481.074670761839,1.5625e-06
48.4892086330935,8_1.5625e-06,483.35305011955,1.5625e-06
48.705035971223,8_1.5625e-06,487.918136198044,1.5625e-06
48.9208633093525,8_1.5625e-06,490.12491723051,1.5625e-06
49.136690647482,8_1.5625e-06,495.912426049796,1.5625e-06
49.3525179856115,8_1.5625e-06,499.733636692347,1.5625e-06
49.568345323741,8_1.5625e-06,503.220706937614,1.5625e-06
49.7841726618705,8_1.5625e-06,506.016761309575,1.5625e-06
50,8_1.5625e-06,508.62687276212,1.5625e-06
50.2158273381295,8_1.5625e-06,517.144895157476,1.5625e-06
50.431654676259,8_1.5625e-06,519.682137106367,1.5625e-06
50.6474820143885,8_1.5625e-06,524.470817486866,1.5625e-06
50.863309352518,8_1.5625e-06,531.732175827388,1.5625e-06
51.0791366906475,8_1.5625e-06,537.277131243671,1.5625e-06
51.294964028777,8_1.5625e-06,545.267529187247,1.5625e-06
51.5107913669065,8_1.5625e-06,549.956105920617,1.5625e-06
51.726618705036,8_1.5625e-06,557.641570303887,1.5625e-06
51.9424460431655,8_1.5625e-06,564.8496527235,1.5625e-06
52.158273381295,8_1.5625e-06,569.801926123416,1.5625e-06
52.3741007194245,8_1.5625e-06,576.024963387834,1.5625e-06
52.589928057554,8_1.5625e-06,586.58084538836,1.5625e-06
52.8057553956834,8_1.5625e-06,594.223052736139,1.5625e-06
53.0215827338129,8_1.5625e-06,604.208431639667,1.5625e-06
53.2374100719424,8_1.5625e-06,609.571463602509,1.5625e-06
53.4532374100719,8_1.5625e-06,619.971442723226,1.5625e-06
53.6690647482014,8_1.5625e-06,627.219269729336,1.5625e-06
53.8848920863309,8_1.5625e-06,634.875198083094,1.5625e-06
54.1007194244604,8_1.5625e-06,642.049649144012,1.5625e-06
54.3165467625899,8_1.5625e-06,651.982711587264,1.5625e-06
54.5323741007194,8_1.5625e-06,657.604591032884,1.5625e-06
54.7482014388489,8_1.5625e-06,665.225968797509,1.5625e-06
54.9640287769784,8_1.5625e-06,671.426328291141,1.5625e-06
55.1798561151079,8_1.5625e-06,678.239787312947,1.5625e-06
55.3956834532374,8_1.5625e-06,684.392719408722,1.5625e-06
55.6115107913669,8_1.5625e-06,689.549641025944,1.5625e-06
55.8273381294964,8_1.5625e-06,692.624391791411,1.5625e-06
56.0431654676259,8_1.5625e-06,696.173219106448,1.5625e-06
56.2589928057554,8_1.5625e-06,695.956953321944,1.5625e-06
56.4748201438849,8_1.5625e-06,698.025103684437,1.5625e-06
56.6906474820144,8_1.5625e-06,699.685666280487,1.5625e-06
56.9064748201439,8_1.5625e-06,700.170239390825,1.5625e-06
57.1223021582734,8_1.5625e-06,702.529964426605,1.5625e-06
57.3381294964029,8_1.5625e-06,700.797153901838,1.5625e-06
57.5539568345324,8_1.5625e-06,699.105599707885,1.5625e-06
57.7697841726619,8_1.5625e-06,700.034366629152,1.5625e-06
57.9856115107914,8_1.5625e-06,697.567078483121,1.5625e-06
58.2014388489209,8_1.5625e-06,699.083397272429,1.5625e-06
58.4172661870504,8_1.5625e-06,696.514016968195,1.5625e-06
58.6330935251799,8_1.5625e-06,694.502269693564,1.5625e-06
58.8489208633094,8_1.5625e-06,693.655646156694,1.5625e-06
59.0647482014388,8_1.5625e-06,692.957791253585,1.5625e-06
59.2805755395683,8_1.5625e-06,691.5799462384,1.5625e-06
59.4964028776978,8_1.5625e-06,689.48990132057,1.5625e-06
59.7122302158273,8_1.5625e-06,689.179722979767,1.5625e-06
59.9280575539568,8_1.5625e-06,687.020328628266,1.5625e-06
60.1438848920863,8_1.5625e-06,686.590793909596,1.5625e-06
60.3597122302158,8_1.5625e-06,682.826643612272,1.5625e-06
60.5755395683453,8_1.5625e-06,682.389990174281,1.5625e-06
60.7913669064748,8_1.5625e-06,681.660622223639,1.5625e-06
61.0071942446043,8_1.5625e-06,680.401559819595,1.5625e-06
61.2230215827338,8_1.5625e-06,675.958491062629,1.5625e-06
61.4388489208633,8_1.5625e-06,678.620532978565,1.5625e-06
61.6546762589928,8_1.5625e-06,676.956246453824,1.5625e-06
61.8705035971223,8_1.5625e-06,672.742212860398,1.5625e-06
62.0863309352518,8_1.5625e-06,671.164258897439,1.5625e-06
62.3021582733813,8_1.5625e-06,672.050364083049,1.5625e-06
62.5179856115108,8_1.5625e-06,669.598556720962,1.5625e-06
62.7338129496403,8_1.5625e-06,668.473860939778,1.5625e-06
62.9496402877698,8_1.5625e-06,669.142719292466,1.5625e-06
63.1654676258993,8_1.5625e-06,666.574781083463,1.5625e-06
63.3812949640288,8_1.5625e-06,666.107799989356,1.5625e-06
63.5971223021583,8_1.5625e-06,663.620036778521,1.5625e-06
63.8129496402878,8_1.5625e-06,662.540041678655,1.5625e-06
64.0287769784173,8_1.5625e-06,660.337507293413,1.5625e-06
64.2446043165468,8_1.5625e-06,659.334257440517,1.5625e-06
64.4604316546763,8_1.5625e-06,658.750759524484,1.5625e-06
64.6762589928058,8_1.5625e-06,655.89218828823,1.5625e-06
64.8920863309353,8_1.5625e-06,656.056558803209,1.5625e-06
65.1079136690647,8_1.5625e-06,655.929105813748,1.5625e-06
65.3237410071942,8_1.5625e-06,651.480497801918,1.5625e-06
65.5395683453237,8_1.5625e-06,651.23904885761,1.5625e-06
65.7553956834532,8_1.5625e-06,649.516058950501,1.5625e-06
65.9712230215827,8_1.5625e-06,647.591481773709,1.5625e-06
66.1870503597122,8_1.5625e-06,643.972426228588,1.5625e-06
66.4028776978417,8_1.5625e-06,642.813995436756,1.5625e-06
66.6187050359712,8_1.5625e-06,641.749400507111,1.5625e-06
66.8345323741007,8_1.5625e-06,639.962372009463,1.5625e-06
67.0503597122302,8_1.5625e-06,639.372694998614,1.5625e-06
67.2661870503597,8_1.5625e-06,637.762950771625,1.5625e-06
67.4820143884892,8_1.5625e-06,634.79757047593,1.5625e-06
67.6978417266187,8_1.5625e-06,632.48972583683,1.5625e-06
67.9136690647482,8_1.5625e-06,629.715405118007,1.5625e-06
68.1294964028777,8_1.5625e-06,629.590392726032,1.5625e-06
68.3453237410072,8_1.5625e-06,626.060604055967,1.5625e-06
68.5611510791367,8_1.5625e-06,622.758385766741,1.5625e-06
68.7769784172662,8_1.5625e-06,622.51865708468,1.5625e-06
68.9928057553957,8_1.5625e-06,619.844536189352,1.5625e-06
69.2086330935252,8_1.5625e-06,621.675249567431,1.5625e-06
69.4244604316547,8_1.5625e-06,616.436164314403,1.5625e-06
69.6402877697842,8_1.5625e-06,613.532765592736,1.5625e-06
69.8561151079137,8_1.5625e-06,612.746868362864,1.5625e-06
40.0719424460432,9_7.8125e-07,436.692221318041,7.8125e-07
40.2877697841727,9_7.8125e-07,435.535548418341,7.8125e-07
40.5035971223022,9_7.8125e-07,434.360783301773,7.8125e-07
40.7194244604317,9_7.8125e-07,433.65235147989,7.8125e-07
40.9352517985612,9_7.8125e-07,432.256054767002,7.8125e-07
41.1510791366906,9_7.8125e-07,432.877011513415,7.8125e-07
41.3669064748201,9_7.8125e-07,429.854472837453,7.8125e-07
41.5827338129496,9_7.8125e-07,432.105434380219,7.8125e-07
41.7985611510791,9_7.8125e-07,430.97406989406,7.8125e-07
42.0143884892086,9_7.8125e-07,432.742454349167,7.8125e-07
42.2302158273381,9_7.8125e-07,430.507595286519,7.8125e-07
42.4460431654676,9_7.8125e-07,430.303525054188,7.8125e-07
42.6618705035971,9_7.8125e-07,431.375417616259,7.8125e-07
42.8776978417266,9_7.8125e-07,431.944285110337,7.8125e-07
43.0935251798561,9_7.8125e-07,430.406956899885,7.8125e-07
43.3093525179856,9_7.8125e-07,431.196481566854,7.8125e-07
43.5251798561151,9_7.8125e-07,432.729434893606,7.8125e-07
43.7410071942446,9_7.8125e-07,435.515309571355,7.8125e-07
43.9568345323741,9_7.8125e-07,433.486115802783,7.8125e-07
44.1726618705036,9_7.8125e-07,434.934354009153,7.8125e-07
44.3884892086331,9_7.8125e-07,436.019065653642,7.8125e-07
44.6043165467626,9_7.8125e-07,438.033355016976,7.8125e-07
44.8201438848921,9_7.8125e-07,438.686241224732,7.8125e-07
45.0359712230216,9_7.8125e-07,441.47018632234,7.8125e-07
45.2517985611511,9_7.8125e-07,443.10884993363,7.8125e-07
45.4676258992806,9_7.8125e-07,443.967549597086,7.8125e-07
45.6834532374101,9_7.8125e-07,447.14165516903,7.8125e-07
45.8992805755396,9_7.8125e-07,447.080030673243,7.8125e-07
46.1151079136691,9_7.8125e-07,449.860459705602,7.8125e-07
46.3309352517986,9_7.8125e-07,452.250779769593,7.8125e-07
46.5467625899281,9_7.8125e-07,454.534313704434,7.8125e-07
46.7625899280576,9_7.8125e-07,455.958910404753,7.8125e-07
46.9784172661871,9_7.8125e-07,456.875204583951,7.8125e-07
47.1942446043165,9_7.8125e-07,459.43478159577,7.8125e-07
47.410071942446,9_7.8125e-07,464.700501299588,7.8125e-07
47.6258992805755,9_7.8125e-07,465.451821553913,7.8125e-07
47.841726618705,9_7.8125e-07,469.845847392235,7.8125e-07
48.0575539568345,9_7.8125e-07,473.527725125967,7.8125e-07
48.273381294964,9_7.8125e-07,475.846673082698,7.8125e-07
48.4892086330935,9_7.8125e-07,479.554916807718,7.8125e-07
48.705035971223,9_7.8125e-07,482.146190201015,7.8125e-07
48.9208633093525,9_7.8125e-07,485.741626273987,7.8125e-07
49.136690647482,9_7.8125e-07,489.889756281478,7.8125e-07
49.3525179856115,9_7.8125e-07,493.609151404508,7.8125e-07
49.568345323741,9_7.8125e-07,501.190872931671,7.8125e-07
49.7841726618705,9_7.8125e-07,502.330152094543,7.8125e-07
50,9_7.8125e-07,508.917632757983,7.8125e-07
50.2158273381295,9_7.8125e-07,512.35692630916,7.8125e-07
50.431654676259,9_7.8125e-07,517.821493797667,7.8125e-07
50.6474820143885,9_7.8125e-07,522.7770867372,7.8125e-07
50.863309352518,9_7.8125e-07,529.042593108383,7.8125e-07
51.0791366906475,9_7.8125e-07,533.669719928394,7.8125e-07
51.294964028777,9_7.8125e-07,540.282133399404,7.8125e-07
51.5107913669065,9_7.8125e-07,546.130883360619,7.8125e-07
51.726618705036,9_7.8125e-07,553.851496417878,7.8125e-07
51.9424460431655,9_7.8125e-07,561.89293413349,7.8125e-07
52.158273381295,9_7.8125e-07,568.671069305884,7.8125e-07
52.3741007194245,9_7.8125e-07,577.229995311157,7.8125e-07
52.589928057554,9_7.8125e-07,584.150398905654,7.8125e-07
52.8057553956834,9_7.8125e-07,592.768301520764,7.8125e-07
53.0215827338129,9_7.8125e-07,600.947948459002,7.8125e-07
53.2374100719424,9_7.8125e-07,612.475502846764,7.8125e-07
53.4532374100719,9_7.8125e-07,618.530525570332,7.8125e-07
53.6690647482014,9_7.8125e-07,629.40269268948,7.8125e-07
53.8848920863309,9_7.8125e-07,639.346964876938,7.8125e-07
54.1007194244604,9_7.8125e-07,647.91841882975,7.8125e-07
54.3165467625899,9_7.8125e-07,656.173784266028,7.8125e-07
54.5323741007194,9_7.8125e-07,665.915995288068,7.8125e-07
54.7482014388489,9_7.8125e-07,674.083950160165,7.8125e-07
54.9640287769784,9_7.8125e-07,681.934574214972,7.8125e-07
55.1798561151079,9_7.8125e-07,689.260559357679,7.8125e-07
55.3956834532374,9_7.8125e-07,694.120854746516,7.8125e-07
55.6115107913669,9_7.8125e-07,700.314381842323,7.8125e-07
55.8273381294964,9_7.8125e-07,706.053402621021,7.8125e-07
56.0431654676259,9_7.8125e-07,708.63135376785,7.8125e-07
56.2589928057554,9_7.8125e-07,711.189621990509,7.8125e-07
56.4748201438849,9_7.8125e-07,714.187232392996,7.8125e-07
56.6906474820144,9_7.8125e-07,717.122100311166,7.8125e-07
56.9064748201439,9_7.8125e-07,717.245762430212,7.8125e-07
57.1223021582734,9_7.8125e-07,716.63261476716,7.8125e-07
57.3381294964029,9_7.8125e-07,718.919413064272,7.8125e-07
57.5539568345324,9_7.8125e-07,719.916506591386,7.8125e-07
57.7697841726619,9_7.8125e-07,716.184336692816,7.8125e-07
57.9856115107914,9_7.8125e-07,717.970165381988,7.8125e-07
58.2014388489209,9_7.8125e-07,721.817182991564,7.8125e-07
58.4172661870504,9_7.8125e-07,718.553848693675,7.8125e-07
58.6330935251799,9_7.8125e-07,716.647306710256,7.8125e-07
58.8489208633094,9_7.8125e-07,716.91672269642,7.8125e-07
59.0647482014388,9_7.8125e-07,715.292228303349,7.8125e-07
59.2805755395683,9_7.8125e-07,713.45757670777,7.8125e-07
59.4964028776978,9_7.8125e-07,713.323451928587,7.8125e-07
59.7122302158273,9_7.8125e-07,711.913943591785,7.8125e-07
59.9280575539568,9_7.8125e-07,713.574817959422,7.8125e-07
60.1438848920863,9_7.8125e-07,711.792481670415,7.8125e-07
60.3597122302158,9_7.8125e-07,711.084017015577,7.8125e-07
60.5755395683453,9_7.8125e-07,707.123775813436,7.8125e-07
60.7913669064748,9_7.8125e-07,706.033474072827,7.8125e-07
61.0071942446043,9_7.8125e-07,704.634335422713,7.8125e-07
61.2230215827338,9_7.8125e-07,703.976672964042,7.8125e-07
61.4388489208633,9_7.8125e-07,704.444814995711,7.8125e-07
61.6546762589928,9_7.8125e-07,703.907008797313,7.8125e-07
61.8705035971223,9_7.8125e-07,702.286509725158,7.8125e-07
62.0863309352518,9_7.8125e-07,700.812788040942,7.8125e-07
62.3021582733813,9_7.8125e-07,699.648155010872,7.8125e-07
62.5179856115108,9_7.8125e-07,698.85131731685,7.8125e-07
62.7338129496403,9_7.8125e-07,697.425842781969,7.8125e-07
62.9496402877698,9_7.8125e-07,695.66187178334,7.8125e-07
63.1654676258993,9_7.8125e-07,694.494540121009,7.8125e-07
63.3812949640288,9_7.8125e-07,690.518744408124,7.8125e-07
63.5971223021583,9_7.8125e-07,692.128964337516,7.8125e-07
63.8129496402878,9_7.8125e-07,690.731144693133,7.8125e-07
64.0287769784173,9_7.8125e-07,688.780920745024,7.8125e-07
64.2446043165468,9_7.8125e-07,687.889379414899,7.8125e-07
64.4604316546763,9_7.8125e-07,686.288616977138,7.8125e-07
64.6762589928058,9_7.8125e-07,685.545131524572,7.8125e-07
64.8920863309353,9_7.8125e-07,684.293527870158,7.8125e-07
65.1079136690647,9_7.8125e-07,679.9219745578,7.8125e-07
65.3237410071942,9_7.8125e-07,682.387649016835,7.8125e-07
65.5395683453237,9_7.8125e-07,680.048413538886,7.8125e-07
65.7553956834532,9_7.8125e-07,678.638546272687,7.8125e-07
65.9712230215827,9_7.8125e-07,676.835985792877,7.8125e-07
66.1870503597122,9_7.8125e-07,675.451224520843,7.8125e-07
66.4028776978417,9_7.8125e-07,674.179164082657,7.8125e-07
66.6187050359712,9_7.8125e-07,670.759239148397,7.8125e-07
66.8345323741007,9_7.8125e-07,670.661113901923,7.8125e-07
67.0503597122302,9_7.8125e-07,669.968697795056,7.8125e-07
67.2661870503597,9_7.8125e-07,666.197228888397,7.8125e-07
67.4820143884892,9_7.8125e-07,663.428205752634,7.8125e-07
67.6978417266187,9_7.8125e-07,663.902117175027,7.8125e-07
67.9136690647482,9_7.8125e-07,662.501559572843,7.8125e-07
68.1294964028777,9_7.8125e-07,661.828689819246,7.8125e-07
68.3453237410072,9_7.8125e-07,656.62925259541,7.8125e-07
68.5611510791367,9_7.8125e-07,657.745469530172,7.8125e-07
68.7769784172662,9_7.8125e-07,652.451644824811,7.8125e-07
68.9928057553957,9_7.8125e-07,652.813953007022,7.8125e-07
69.2086330935252,9_7.8125e-07,653.354389977798,7.8125e-07
69.4244604316547,9_7.8125e-07,648.136938881053,7.8125e-07
69.6402877697842,9_7.8125e-07,646.363491977887,7.8125e-07
69.8561151079137,9_7.8125e-07,646.894916265109,7.8125e-07
40.0719424460432,10_3.90625e-07,436.15201808782,3.90625e-07
40.2877697841727,10_3.90625e-07,434.378774822105,3.90625e-07
40.5035971223022,10_3.90625e-07,433.562825889724,3.90625e-07
40.7194244604317,10_3.90625e-07,432.679248202921,3.90625e-07
40.9352517985612,10_3.90625e-07,432.488697242162,3.90625e-07
41.1510791366906,10_3.90625e-07,431.643665687459,3.90625e-07
41.3669064748201,10_3.90625e-07,430.519663883156,3.90625e-07
41.5827338129496,10_3.90625e-07,430.423485278461,3.90625e-07
41.7985611510791,10_3.90625e-07,431.666397035481,3.90625e-07
42.0143884892086,10_3.90625e-07,431.77348993439,3.90625e-07
42.2302158273381,10_3.90625e-07,430.247884827419,3.90625e-07
42.4460431654676,10_3.90625e-07,429.547989928017,3.90625e-07
42.6618705035971,10_3.90625e-07,432.72757652938,3.90625e-07
42.8776978417266,10_3.90625e-07,431.310733035758,3.90625e-07
43.0935251798561,10_3.90625e-07,433.487218335046,3.90625e-07
43.3093525179856,10_3.90625e-07,434.578849920766,3.90625e-07
43.5251798561151,10_3.90625e-07,434.868050272459,3.90625e-07
43.7410071942446,10_3.90625e-07,435.548624895247,3.90625e-07
43.9568345323741,10_3.90625e-07,434.87893995804,3.90625e-07
44.1726618705036,10_3.90625e-07,436.477150815891,3.90625e-07
44.3884892086331,10_3.90625e-07,438.260316803855,3.90625e-07
44.6043165467626,10_3.90625e-07,438.383819240188,3.90625e-07
44.8201438848921,10_3.90625e-07,440.523069818285,3.90625e-07
45.0359712230216,10_3.90625e-07,444.317275229225,3.90625e-07
45.2517985611511,10_3.90625e-07,442.106113341561,3.90625e-07
45.4676258992806,10_3.90625e-07,445.568731405436,3.90625e-07
45.6834532374101,10_3.90625e-07,445.654281633111,3.90625e-07
45.8992805755396,10_3.90625e-07,448.14902783175,3.90625e-07
46.1151079136691,10_3.90625e-07,451.229252344512,3.90625e-07
46.3309352517986,10_3.90625e-07,454.84842114058,3.90625e-07
46.5467625899281,10_3.90625e-07,456.923775945178,3.90625e-07
46.7625899280576,10_3.90625e-07,457.358005970615,3.90625e-07
46.9784172661871,10_3.90625e-07,462.514560320909,3.90625e-07
47.1942446043165,10_3.90625e-07,461.413199727598,3.90625e-07
47.410071942446,10_3.90625e-07,468.761046045302,3.90625e-07
47.6258992805755,10_3.90625e-07,470.964805063115,3.90625e-07
47.841726618705,10_3.90625e-07,474.198107072798,3.90625e-07
48.0575539568345,10_3.90625e-07,474.886108483998,3.90625e-07
48.273381294964,10_3.90625e-07,480.308989756752,3.90625e-07
48.4892086330935,10_3.90625e-07,482.342939275564,3.90625e-07
48.705035971223,10_3.90625e-07,487.808931371425,3.90625e-07
48.9208633093525,10_3.90625e-07,490.411517076922,3.90625e-07
49.136690647482,10_3.90625e-07,494.79601650982,3.90625e-07
49.3525179856115,10_3.90625e-07,499.913263751364,3.90625e-07
49.568345323741,10_3.90625e-07,500.182509367411,3.90625e-07
49.7841726618705,10_3.90625e-07,508.672675266627,3.90625e-07
50,10_3.90625e-07,515.55022065691,3.90625e-07
50.2158273381295,10_3.90625e-07,519.195741093458,3.90625e-07
50.431654676259,10_3.90625e-07,522.280398513106,3.90625e-07
50.6474820143885,10_3.90625e-07,529.907523899958,3.90625e-07
50.863309352518,10_3.90625e-07,535.350095065928,3.90625e-07
51.0791366906475,10_3.90625e-07,542.38009264059,3.90625e-07
51.294964028777,10_3.90625e-07,546.198837646429,3.90625e-07
51.5107913669065,10_3.90625e-07,554.239048985201,3.90625e-07
51.726618705036,10_3.90625e-07,560.11405340278,3.90625e-07
51.9424460431655,10_3.90625e-07,569.164985221831,3.90625e-07
52.158273381295,10_3.90625e-07,576.563951594268,3.90625e-07
52.3741007194245,10_3.90625e-07,581.111620663861,3.90625e-07
52.589928057554,10_3.90625e-07,592.29722324704,3.90625e-07
52.8057553956834,10_3.90625e-07,601.47365769241,3.90625e-07
53.0215827338129,10_3.90625e-07,611.141162103516,3.90625e-07
53.2374100719424,10_3.90625e-07,619.567369341565,3.90625e-07
53.4532374100719,10_3.90625e-07,629.986607241683,3.90625e-07
53.6690647482014,10_3.90625e-07,637.422842070571,3.90625e-07
53.8848920863309,10_3.90625e-07,646.690699081087,3.90625e-07
54.1007194244604,10_3.90625e-07,655.239628400991,3.90625e-07
54.3165467625899,10_3.90625e-07,664.407684404391,3.90625e-07
54.5323741007194,10_3.90625e-07,673.824535208575,3.90625e-07
54.7482014388489,10_3.90625e-07,680.493049873849,3.90625e-07
54.9640287769784,10_3.90625e-07,686.281142496274,3.90625e-07
55.1798561151079,10_3.90625e-07,692.092274272868,3.90625e-07
55.3956834532374,10_3.90625e-07,700.543228794384,3.90625e-07
55.6115107913669,10_3.90625e-07,704.392091292006,3.90625e-07
55.8273381294964,10_3.90625e-07,707.066346785454,3.90625e-07
56.0431654676259,10_3.90625e-07,712.375816082001,3.90625e-07
56.2589928057554,10_3.90625e-07,714.744755635112,3.90625e-07
56.4748201438849,10_3.90625e-07,714.774358478293,3.90625e-07
56.6906474820144,10_3.90625e-07,716.39071420348,3.90625e-07
56.9064748201439,10_3.90625e-07,718.401260272029,3.90625e-07
57.1223021582734,10_3.90625e-07,717.825199928339,3.90625e-07
57.3381294964029,10_3.90625e-07,719.746906208026,3.90625e-07
57.5539568345324,10_3.90625e-07,716.959258478506,3.90625e-07
57.7697841726619,10_3.90625e-07,718.25864650031,3.90625e-07
57.9856115107914,10_3.90625e-07,721.070341260206,3.90625e-07
58.2014388489209,10_3.90625e-07,718.014686736624,3.90625e-07
58.4172661870504,10_3.90625e-07,716.102149416766,3.90625e-07
58.6330935251799,10_3.90625e-07,718.008802349761,3.90625e-07
58.8489208633094,10_3.90625e-07,717.270663537838,3.90625e-07
59.0647482014388,10_3.90625e-07,717.820697209824,3.90625e-07
59.2805755395683,10_3.90625e-07,713.675622311914,3.90625e-07
59.4964028776978,10_3.90625e-07,712.942344583524,3.90625e-07
59.7122302158273,10_3.90625e-07,709.209247025844,3.90625e-07
59.9280575539568,10_3.90625e-07,709.904202518492,3.90625e-07
60.1438848920863,10_3.90625e-07,713.316408606812,3.90625e-07
60.3597122302158,10_3.90625e-07,708.002606847287,3.90625e-07
60.5755395683453,10_3.90625e-07,706.956188062391,3.90625e-07
60.7913669064748,10_3.90625e-07,706.54508660641,3.90625e-07
61.0071942446043,10_3.90625e-07,704.77038694412,3.90625e-07
61.2230215827338,10_3.90625e-07,705.73711527235,3.90625e-07
61.4388489208633,10_3.90625e-07,701.66209444125,3.90625e-07
61.6546762589928,10_3.90625e-07,700.063206768854,3.90625e-07
61.8705035971223,10_3.90625e-07,699.486820658951,3.90625e-07
62.0863309352518,10_3.90625e-07,700.328539874372,3.90625e-07
62.3021582733813,10_3.90625e-07,696.048523371229,3.90625e-07
62.5179856115108,10_3.90625e-07,695.282509710109,3.90625e-07
62.7338129496403,10_3.90625e-07,693.842982218765,3.90625e-07
62.9496402877698,10_3.90625e-07,694.832066010099,3.90625e-07
63.1654676258993,10_3.90625e-07,691.441528138469,3.90625e-07
63.3812949640288,10_3.90625e-07,691.890394597218,3.90625e-07
63.5971223021583,10_3.90625e-07,689.965187306034,3.90625e-07
63.8129496402878,10_3.90625e-07,686.611174495496,3.90625e-07
64.0287769784173,10_3.90625e-07,688.095247462455,3.90625e-07
64.2446043165468,10_3.90625e-07,686.420549397825,3.90625e-07
64.4604316546763,10_3.90625e-07,686.722282182098,3.90625e-07
64.6762589928058,10_3.90625e-07,682.264601634252,3.90625e-07
64.8920863309353,10_3.90625e-07,682.959691058422,3.90625e-07
65.1079136690647,10_3.90625e-07,677.870644436586,3.90625e-07
65.3237410071942,10_3.90625e-07,678.200468180135,3.90625e-07
65.5395683453237,10_3.90625e-07,676.304845747891,3.90625e-07
65.7553956834532,10_3.90625e-07,675.861074703684,3.90625e-07
65.9712230215827,10_3.90625e-07,670.952063775655,3.90625e-07
66.1870503597122,10_3.90625e-07,670.159767823311,3.90625e-07
66.4028776978417,10_3.90625e-07,668.757121699851,3.90625e-07
66.6187050359712,10_3.90625e-07,665.214083953999,3.90625e-07
66.8345323741007,10_3.90625e-07,665.053140933315,3.90625e-07
67.0503597122302,10_3.90625e-07,663.000704878648,3.90625e-07
67.2661870503597,10_3.90625e-07,660.862084746266,3.90625e-07
67.4820143884892,10_3.90625e-07,659.41001275442,3.90625e-07
67.6978417266187,10_3.90625e-07,656.685415167212,3.90625e-07
67.9136690647482,10_3.90625e-07,656.812508766355,3.90625e-07
68.1294964028777,10_3.90625e-07,655.142916603574,3.90625e-07
68.3453237410072,10_3.90625e-07,649.645702484015,3.90625e-07
68.5611510791367,10_3.90625e-07,650.427544617633,3.90625e-07
68.7769784172662,10_3.90625e-07,648.831604731618,3.90625e-07
68.9928057553957,10_3.90625e-07,645.642061251327,3.90625e-07
69.2086330935252,10_3.90625e-07,645.099758034157,3.90625e-07
69.4244604316547,10_3.90625e-07,642.92955483394,3.90625e-07
69.6402877697842,10_3.90625e-07,641.048633651335,3.90625e-07
69.8561151079137,10_3.90625e-07,641.351314572695,3.90625e-07
40.0719424460432,11_1.953125e-07,443.531812087267,1.953125e-07
40.2877697841727,11_1.953125e-07,442.670442911557,1.953125e-07
40.5035971223022,11_1.953125e-07,440.995405321431,1.953125e-07
40.7194244604317,11_1.953125e-07,440.91461788348,1.953125e-07
40.9352517985612,11_1.953125e-07,439.213245426644,1.953125e-07
41.1510791366906,11_1.953125e-07,439.463960011977,1.953125e-07
41.3669064748201,11_1.953125e-07,437.923695503226,1.953125e-07
41.5827338129496,11_1.953125e-07,436.918099127659,1.953125e-07
41.7985611510791,11_1.953125e-07,437.845562195343,1.953125e-07
42.0143884892086,11_1.953125e-07,438.673050023843,1.953125e-07
42.2302158273381,11_1.953125e-07,437.780621075537,1.953125e-07
42.4460431654676,11_1.953125e-07,435.497445949509,1.953125e-07
42.6618705035971,11_1.953125e-07,437.475291618676,1.953125e-07
42.8776978417266,11_1.953125e-07,438.095742756994,1.953125e-07
43.0935251798561,11_1.953125e-07,438.526208503162,1.953125e-07
43.3093525179856,11_1.953125e-07,439.349606376698,1.953125e-07
43.5251798561151,11_1.953125e-07,440.293231794234,1.953125e-07
43.7410071942446,11_1.953125e-07,441.933158161975,1.953125e-07
43.9568345323741,11_1.953125e-07,442.194317483942,1.953125e-07
44.1726618705036,11_1.953125e-07,441.664290958258,1.953125e-07
44.3884892086331,11_1.953125e-07,443.416710670598,1.953125e-07
44.6043165467626,11_1.953125e-07,444.30939540221,1.953125e-07
44.8201438848921,11_1.953125e-07,445.657363630134,1.953125e-07
45.0359712230216,11_1.953125e-07,447.501300220273,1.953125e-07
45.2517985611511,11_1.953125e-07,448.429667788686,1.953125e-07
45.4676258992806,11_1.953125e-07,451.344106069447,1.953125e-07
45.6834532374101,11_1.953125e-07,452.16366922895,1.953125e-07
45.8992805755396,11_1.953125e-07,455.051532342824,1.953125e-07
46.1151079136691,11_1.953125e-07,456.954563591092,1.953125e-07
46.3309352517986,11_1.953125e-07,457.36603800033,1.953125e-07
46.5467625899281,11_1.953125e-07,462.636453216557,1.953125e-07
46.7625899280576,11_1.953125e-07,465.565313685089,1.953125e-07
46.9784172661871,11_1.953125e-07,467.375743490566,1.953125e-07
47.1942446043165,11_1.953125e-07,470.647335565222,1.953125e-07
47.410071942446,11_1.953125e-07,472.11026708702,1.953125e-07
47.6258992805755,11_1.953125e-07,474.347672672942,1.953125e-07
47.841726618705,11_1.953125e-07,478.694509400284,1.953125e-07
48.0575539568345,11_1.953125e-07,482.072039267762,1.953125e-07
48.273381294964,11_1.953125e-07,485.324685972432,1.953125e-07
48.4892086330935,11_1.953125e-07,490.511190555903,1.953125e-07
48.705035971223,11_1.953125e-07,491.041770226616,1.953125e-07
48.9208633093525,11_1.953125e-07,498.454487289455,1.953125e-07
49.136690647482,11_1.953125e-07,498.208054719824,1.953125e-07
49.3525179856115,11_1.953125e-07,505.435776928426,1.953125e-07
49.568345323741,11_1.953125e-07,509.941898734454,1.953125e-07
49.7841726618705,11_1.953125e-07,514.002273062339,1.953125e-07
50,11_1.953125e-07,519.413681036345,1.953125e-07
50.2158273381295,11_1.953125e-07,524.858835658212,1.953125e-07
50.431654676259,11_1.953125e-07,530.121443079628,1.953125e-07
50.6474820143885,11_1.953125e-07,534.925186685972,1.953125e-07
50.863309352518,11_1.953125e-07,539.289332226958,1.953125e-07
51.0791366906475,11_1.953125e-07,547.745048821621,1.953125e-07
51.294964028777,11_1.953125e-07,552.336272893977,1.953125e-07
51.5107913669065,11_1.953125e-07,557.430387592731,1.953125e-07
51.726618705036,11_1.953125e-07,564.230250209881,1.953125e-07
51.9424460431655,11_1.953125e-07,572.952244466907,1.953125e-07
52.158273381295,11_1.953125e-07,580.948361697031,1.953125e-07
52.3741007194245,11_1.953125e-07,589.296463284591,1.953125e-07
52.589928057554,11_1.953125e-07,598.975194368737,1.953125e-07
52.8057553956834,11_1.953125e-07,606.907507068624,1.953125e-07
53.0215827338129,11_1.953125e-07,614.778507419778,1.953125e-07
53.2374100719424,11_1.953125e-07,625.264590969531,1.953125e-07
53.4532374100719,11_1.953125e-07,631.184365410872,1.953125e-07
53.6690647482014,11_1.953125e-07,643.265195297235,1.953125e-07
53.8848920863309,11_1.953125e-07,650.544602490425,1.953125e-07
54.1007194244604,11_1.953125e-07,659.022390363008,1.953125e-07
54.3165467625899,11_1.953125e-07,665.43675564275,1.953125e-07
54.5323741007194,11_1.953125e-07,676.537058302692,1.953125e-07
54.7482014388489,11_1.953125e-07,681.790500559925,1.953125e-07
54.9640287769784,11_1.953125e-07,687.308548348769,1.953125e-07
55.1798561151079,11_1.953125e-07,695.620762561286,1.953125e-07
55.3956834532374,11_1.953125e-07,700.529771959294,1.953125e-07
55.6115107913669,11_1.953125e-07,704.426514232474,1.953125e-07
55.8273381294964,11_1.953125e-07,710.915100646269,1.953125e-07
56.0431654676259,11_1.953125e-07,713.477744653254,1.953125e-07
56.2589928057554,11_1.953125e-07,715.453875679801,1.953125e-07
56.4748201438849,11_1.953125e-07,717.895303367548,1.953125e-07
56.6906474820144,11_1.953125e-07,719.530858561276,1.953125e-07
56.9064748201439,11_1.953125e-07,722.799608183762,1.953125e-07
57.1223021582734,11_1.953125e-07,720.243563536222,1.953125e-07
57.3381294964029,11_1.953125e-07,720.869148025283,1.953125e-07
57.5539568345324,11_1.953125e-07,721.126676825935,1.953125e-07
57.7697841726619,11_1.953125e-07,720.085275820705,1.953125e-07
57.9856115107914,11_1.953125e-07,717.174974995822,1.953125e-07
58.2014388489209,11_1.953125e-07,717.627441261559,1.953125e-07
58.4172661870504,11_1.953125e-07,718.935152561055,1.953125e-07
58.6330935251799,11_1.953125e-07,717.57774944409,1.953125e-07
58.8489208633094,11_1.953125e-07,716.455505341847,1.953125e-07
59.0647482014388,11_1.953125e-07,713.386637067189,1.953125e-07
59.2805755395683,11_1.953125e-07,711.464212742125,1.953125e-07
59.4964028776978,11_1.953125e-07,711.514175069751,1.953125e-07
59.7122302158273,11_1.953125e-07,709.166891919285,1.953125e-07
59.9280575539568,11_1.953125e-07,710.226974487122,1.953125e-07
60.1438848920863,11_1.953125e-07,709.508881762978,1.953125e-07
60.3597122302158,11_1.953125e-07,707.745844576804,1.953125e-07
60.5755395683453,11_1.953125e-07,705.943943296006,1.953125e-07
60.7913669064748,11_1.953125e-07,704.526164469022,1.953125e-07
61.0071942446043,11_1.953125e-07,704.341622488136,1.953125e-07
61.2230215827338,11_1.953125e-07,702.651779426341,1.953125e-07
61.4388489208633,11_1.953125e-07,702.312497713936,1.953125e-07
61.6546762589928,11_1.953125e-07,701.767488191768,1.953125e-07
61.8705035971223,11_1.953125e-07,697.037499353264,1.953125e-07
62.0863309352518,11_1.953125e-07,697.144652695675,1.953125e-07
62.3021582733813,11_1.953125e-07,696.274340163732,1.953125e-07
62.5179856115108,11_1.953125e-07,696.211925553605,1.953125e-07
62.7338129496403,11_1.953125e-07,694.451383614746,1.953125e-07
62.9496402877698,11_1.953125e-07,692.755608762809,1.953125e-07
63.1654676258993,11_1.953125e-07,693.624756918949,1.953125e-07
63.3812949640288,11_1.953125e-07,690.893771658698,1.953125e-07
63.5971223021583,11_1.953125e-07,689.311862945131,1.953125e-07
63.8129496402878,11_1.953125e-07,687.810588854045,1.953125e-07
64.0287769784173,11_1.953125e-07,685.463709590652,1.953125e-07
64.2446043165468,11_1.953125e-07,683.765721954447,1.953125e-07
64.4604316546763,11_1.953125e-07,684.321499001397,1.953125e-07
64.6762589928058,11_1.953125e-07,681.888985613813,1.953125e-07
64.8920863309353,11_1.953125e-07,680.485165562537,1.953125e-07
65.1079136690647,11_1.953125e-07,679.15307468841,1.953125e-07
65.3237410071942,11_1.953125e-07,675.598410179479,1.953125e-07
65.5395683453237,11_1.953125e-07,675.866134724785,1.953125e-07
65.7553956834532,11_1.953125e-07,670.022089091811,1.953125e-07
65.9712230215827,11_1.953125e-07,671.303089991068,1.953125e-07
66.1870503597122,11_1.953125e-07,666.623733527082,1.953125e-07
66.4028776978417,11_1.953125e-07,666.008392154654,1.953125e-07
66.6187050359712,11_1.953125e-07,663.773476840007,1.953125e-07
66.8345323741007,11_1.953125e-07,661.57021752603,1.953125e-07
67.0503597122302,11_1.953125e-07,660.147714914069,1.953125e-07
67.2661870503597,11_1.953125e-07,659.230705248002,1.953125e-07
67.4820143884892,11_1.953125e-07,656.407914352467,1.953125e-07
67.6978417266187,11_1.953125e-07,652.989111651934,1.953125e-07
67.9136690647482,11_1.953125e-07,651.702134664306,1.953125e-07
68.1294964028777,11_1.953125e-07,649.54199614857,1.953125e-07
68.3453237410072,11_1.953125e-07,648.408776486226,1.953125e-07
68.5611510791367,11_1.953125e-07,644.633188183172,1.953125e-07
68.7769784172662,11_1.953125e-07,641.67273554836,1.953125e-07
68.9928057553957,11_1.953125e-07,639.799707129159,1.953125e-07
69.2086330935252,11_1.953125e-07,637.601934740514,1.953125e-07
69.4244604316547,11_1.953125e-07,639.656123281438,1.953125e-07
69.6402877697842,11_1.953125e-07,634.767360453317,1.953125e-07
69.8561151079137,11_1.953125e-07,633.791636483472,1.953125e-07
